<oneoff_inventory>
    <opack_version version="13.2.0.2.0"/>
    <patch_description>WebLogic Server 12.1.3.0.5 PSU Patch for BUG21370953 October 2015</patch_description>
    <patch_id number="21370953"/>
    <minimum_opatch_version>13.2.0.0.0</minimum_opatch_version>
    <unique_patch_id>19198495</unique_patch_id>
    <cannot_autorollback>false</cannot_autorollback>
    <date_of_patch year="2015" month="Aug" day="6" time="22:55:15 hrs" zone="PST8PDT"/>
    <base_bugs>
        <bug number="20523619" description="WLS SERVER HEALTH ISSUE IN PROVISIONING STARTUP PHASE"/>
        <bug number="18305935" description="SOA SERVER GOING TO SHUTDOWN STATE UPON FA DB OUTAGE"/>
        <bug number="18671042" description="JACC POLICYCONTEXT RESET BEFORE METHOD INVOCATION IN EJB AND SERVLET"/>
        <bug number="18727635" description="UNABLE TO CONNECT TO JMS THROUGH JAVA APPLET (RDAY)"/>
        <bug number="20758863" description="T3S CONNECTION FAILS TO JAVA SERVICE OPC DOMAINS USING WLTHINT3CLIENT"/>
        <bug number="21169554" description="CONFIGURATION FAILURE IN FA PREFLGHTS"/>
        <bug number="20080751" description="DURABLE SUBSCRIBERS ARE NOT DELETED FOR DYNAMIC EJB MODULE"/>
        <bug number="19066738" description="HTTP RESPONSE WRITE TIMEOUT FAILURE"/>
        <bug number="20798352" description="WEBLOGIC CLIENT TRYING FOR DIRECT CONNECTION WHEN PROXY SERVER IS NOT AVAILABLE"/>
        <bug number="17012341" description="PSR:PERF:WLS 12.1.2 JDBC BENCHMARK DIDN'T WORK WITH DRCP"/>
        <bug number="19339238" description="BUFFEREDREADER FAILS TO WHEN HTTP POST USES CHUNKED TRANSFER ENCODING"/>
        <bug number="18538501" description="WLST DEPLOY COMMAND FAILING UNDER WEBLOGIC 12.1.2"/>
        <bug number="20814890" description="Fix for Bug 20814890"/>
        <bug number="20906638" description="Fix for Bug 20906638"/>
        <bug number="18432174" description="LIFECYCLESHUTDOWNSEQUENCETLOG IN DATABASE"/>
        <bug number="19268444" description="ISSUE WITH JSP FILES CONTAINED IN JARS ON WEBLOGIC 12.1.2"/>
        <bug number="19033547" description="AC: WLS FCF CLEARS BORROWED CONNECTION LIST WHEN REPLAY DRIVER IS CONFIGURED"/>
        <bug number="18859387" description="Fix for Bug 18859387"/>
        <bug number="20985893" description="CPU BUG20206879 FIX DOESN'T RESOLVE THE ISSUE FOR 10.3.6"/>
        <bug number="18589879" description="MDS DOES NOT USE DATASOUCE RE-STARTED MANUALLY"/>
        <bug number="20169972" description="WLS RETURNS HTTP CODE 500 WHEN A DEPLOYMENT WITH JSF IS RE-ACTIVATED"/>
        <bug number="19351700" description="JAPANESE IS NOT USED IN SERVER LOG AND STANDARD OUT ON WLS 12.1.3"/>
        <bug number="19422493" description="MENTORING:CCE ON STORE&amp;RETRIEVE HANDLE TO REMOTE INTERFACE IN HTTP SESSION"/>
        <bug number="18753794" description="WEBLOGIC.NET.HTTP.HTTPURLCONNECTION DOES NOT USE HTTP CHANNEL IP"/>
        <bug number="18691894" description="Fix for Bug 18691894"/>
        <bug number="19917991" description="MS GOES TO ADMIN MODE DUE TO APP DEPLOY ERRORS IN MSI MODE"/>
        <bug number="18376812" description="COOKIE-CONFIG IN WEB.XML NOT BEING HONORED"/>
        <bug number="18082758" description="NOT POSSIBLE TO CONFIGURE WS-POLICY IN WLS 12.1.2"/>
        <bug number="19533331" description="EJB INJECTION VIA BASE CLASS DOES NOT WORK.  ILLEGALARGUMENTEXCEPTION IS THROWN."/>
        <bug number="19973098" description="DEPLOY FAILED ON JAVAEE6\JCA\STOCKTRANSACTION SAMPLES"/>
        <bug number="19556868" description="JMS THIN CLIENT NOT INCLUDING CLASS ADMINTOOLHELPER"/>
        <bug number="21069524" description="Fix for Bug 21069524"/>
        <bug number="19299358" description="EJB ASYNCHRONOUS CALL THROWS EXCEPTION"/>
        <bug number="19852007" description="WLS 12.1.3.0.0 - WEBLOGIC ADMIN SERVER IS HUNG WHILE STARTUP"/>
        <bug number="19585666" description="ADMINISTRATION PORT OVERRIDE ISSUE WITH DYNAMIC CLUSTER"/>
        <bug number="19459949" description="RAC TX AFFINITY WITHOUT FAN"/>
        <bug number="16562029" description="WEBLOGIC.APPMERGE DOES NOT MERGE DEPLOYMENT PLAN INTO PERSISTENCE.XML"/>
        <bug number="20206879" description="Fix for Bug 20206879"/>
        <bug number="19705162" description="PERSISTENT FILE STORE COMMIT FAILED WHEN PARALLEL-XA-ENABLED DISABLED"/>
        <bug number="18722098" description="NPE THROWN BY CLUSTEREDEJBTIMERMANAGER"/>
        <bug number="19265688" description="FORWARD DELAY WON'T WORK AS EXPECTED"/>
        <bug number="18276961" description="DEFAULT ERROR-PAGE FROM SERVLET 3.0 SPEC NOT WORKING"/>
        <bug number="18964349" description="ILLEGALSTATEEXCEPTION THROWN WHEN MIGRATING JMS"/>
        <bug number="19001915" description="CDI INJECTED PRINCIPAL NOT UPDATED AFTER CALLING HTTPSERVLETREQUEST#AUTHENTICATE"/>
        <bug number="18289179" description="SETTING MAX-OPEN-SOCK-COUNT REQUIRES ENTITY REBOOT"/>
        <bug number="19988824" description="Fix for Bug 19988824"/>
        <bug number="18729264" description="JAVA8 JDT GA MAY FAIL WITH JDK8 RUNTIME AND '-SOURCE' / '-TARGET' LESS THAN 1.8"/>
        <bug number="19917893" description="IS THERE ANY ERROR MESSAGE WHEN REACHING WORKMANAGER MAX CAPACITY CONSTRAINT ?"/>
        <bug number="20266379" description="WLS 12.1.2 'SECONDS TO TRUST AN IDLE POOL CONNECTION' DOES NOT WORK"/>
        <bug number="18718889" description="WEB SERVICES RUNNING ON WLS FAIL WHILE MAINTAINING SESSION"/>
        <bug number="18746515" description="GLOBAL ERROR-PAGE=FOR SERVLET 3.0 MERGING RESPONSES"/>
        <bug number="19297004" description="WORK MANAGER NAME SHOWS (NO VALUE SPECIFIED) AFTER CREATION"/>
        <bug number="19942900" description="WEBLOGIC 10.3.6.0.9 - DEPLOYER ROLE DOES NOT HAVE PERMISSION TO INSTALL APPLICAT"/>
        <bug number="19668883" description="HIGH CPU USAGE ON WEBLOGIC 12.1.2 WHEN REMOTE JMX IS ENABLED"/>
        <bug number="19500276" description="INJECT NOT WORKING IN INTERCEPTOR CLASS WHICH INTERCEPT MDB"/>
        <bug number="19576633" description="THREAD STACK ERROR OCCURRED WHEN MULTI-BYTE CHARACTERS ARE ENCODED UTF-8"/>
        <bug number="20471785" description="FAILURE WHILE NOTIFYING AN OBSERVER OF CDI EVENT FROM MDB"/>
        <bug number="18968900" description="Fix for Bug 18968900"/>
        <bug number="19287842" description="Fix for Bug 19287842"/>
        <bug number="21107126" description="Fix for Bug 21107126"/>
        <bug number="18912482" description="JAVA.LANG.CLASSNOTFOUNDEXCEPTION WHEN LOOKING UP GENERIC EJB"/>
        <bug number="19730967" description="FIX THE CHANGE MADE FOR BUG 18859387"/>
        <bug number="18466848" description="NOT ABLE TO TARGET A SUBDEPLOYMENT ONCE JMS RESOURCE HAS BEEN CREATED"/>
        <bug number="17721032" description="JAVA.LANG.INDEXOUTOFBOUNDSEXCEPTION: INDEX: 0, SIZE: 0"/>
        <bug number="19287874" description="Fix for Bug 19287874"/>
        <bug number="20323632" description="TRIED ALL: '1' ADDRESSES, BUT COULD NOT CONNECT ... FROM CONSOLEHELP URL"/>
        <bug number="18481239" description="RA CALL TO ISDELIVERYTRANSACTED RAISES NOSUCHMETHODERROR FOR INHERITED METHOD"/>
        <bug number="19936917" description="CONCURRENTMODIFICATIONEXCEPTION IN MESSAGEDRIVENBEAN"/>
        <bug number="18922324" description="WLS12 EAR IST NOT DEPLOYABLE IF JACC POLICY PROVIDER IS ACTIVE"/>
        <bug number="17394051" description="WEBLOGIC SERVER HAS MEMORY LEAK ON REDEPLOY"/>
        <bug number="19080525" description="NODEMANAGER DOES NOT HONOR 'MAX RESTARTS WITHIN INTERVAL'"/>
        <bug number="19907066" description="Fix for Bug 19907066"/>
        <bug number="21746415" description="MAVEN PLUGIN FAILS TO EXECUTE GOAL UNDER PLUGIN COMPONENT"/>
    </base_bugs>
    <required_components>
        <component internal_name="oracle.wls.libraries" version="12.1.3.0.0" opt_req="O"/>
        <component internal_name="oracle.wls.clients" version="12.1.3.0.0" opt_req="O"/>
        <component internal_name="oracle.wls.core.app.server" version="12.1.3.0.0" opt_req="O"/>
        <component internal_name="oracle.wls.libraries.mod" version="12.1.3.0.0" opt_req="O"/>
        <component internal_name="oracle.webservices.wls" version="12.1.3.0.0" opt_req="O"/>
        <component internal_name="oracle.wls.server.shared.with.core.engine" version="12.1.3.0.0" opt_req="O"/>
        <component internal_name="oracle.wls.workshop.code.completion.support" version="12.1.3.0.0" opt_req="O"/>
        <component internal_name="oracle.wls.admin.console.en" version="12.1.3.0.0" opt_req="O"/>
    </required_components>
    <os_platforms>
        <platform name="Generic Platform 1" id="0"/>
    </os_platforms>
    <executables></executables>
    <instance_shutdown>true</instance_shutdown>
    <instance_shutdown_message></instance_shutdown_message>
    <online_rac_installable>false</online_rac_installable>
    <run_as_root>false</run_as_root>
    <sql_migrate>false</sql_migrate>
    <wls_prereq_oneoffs></wls_prereq_oneoffs>
    <prereq_oneoffs></prereq_oneoffs>
    <coreq_oneoffs></coreq_oneoffs>
    <overlay_oneoffs></overlay_oneoffs>
    <patch_type value="singleton"/>
    <patch_language value="en"/>
    <product_family value="fmw"/>
    <patching_model value="one-off"/>
    <auto>false</auto>
    <translatable>false</translatable>
    <applicable_product/>
    <products></products>
    <update_components></update_components>
</oneoff_inventory>
