<results md5_sum="d27b9483ba933e8a179575c3b05526e5">
  <generated_date in_epoch_ms="1452287731000">2016-01-08 21:15:31</generated_date>
  <language id="67" iso_code="SQ" oui_code="sq"><![CDATA[Albanian]]></language> 
  <language id="0" iso_code="EN" oui_code="en"><![CDATA[American English]]></language> 
  <language id="8" iso_code="AR" oui_code="ar"><![CDATA[Arabic]]></language> 
  <language id="26" iso_code="PT" oui_code="pt-BR"><![CDATA[Brazilian Portuguese]]></language> 
  <language id="101" iso_code="BG" oui_code="bg"><![CDATA[Bulgarian]]></language> 
  <language id="3" iso_code="FR" oui_code="fr-CA"><![CDATA[Canadian French]]></language> 
  <language id="102" iso_code="CA" oui_code="ca"><![CDATA[Catalan]]></language> 
  <language id="103" iso_code="HR" oui_code="hr"><![CDATA[Croatian]]></language> 
  <language id="66" iso_code="KK" oui_code=""><![CDATA[Cyrillic Kazakh]]></language> 
  <language id="62" iso_code="SR" oui_code="rs"><![CDATA[Cyrillic Serbian]]></language> 
  <language id="30" iso_code="CS" oui_code="cs"><![CDATA[Czech]]></language> 
  <language id="5" iso_code="DA" oui_code="da"><![CDATA[Danish]]></language> 
  <language id="6" iso_code="NL" oui_code="nl"><![CDATA[Dutch]]></language> 
  <language id="118" iso_code="et" oui_code="et"><![CDATA[ESTONIAN]]></language> 
  <language id="7" iso_code="FI" oui_code="fi"><![CDATA[Finnish]]></language> 
  <language id="2" iso_code="FR" oui_code="fr"><![CDATA[French]]></language> 
  <language id="4" iso_code="DE" oui_code="de"><![CDATA[German]]></language> 
  <language id="104" iso_code="EL" oui_code="el"><![CDATA[Greek]]></language> 
  <language id="107" iso_code="HE" oui_code="iw"><![CDATA[Hebrew]]></language> 
  <language id="28" iso_code="HU" oui_code="hu"><![CDATA[Hungarian]]></language> 
  <language id="106" iso_code="IS" oui_code="is"><![CDATA[Icelandic]]></language> 
  <language id="46" iso_code="ID" oui_code="id"><![CDATA[Indonesian]]></language> 
  <language id="108" iso_code="IT" oui_code="it"><![CDATA[Italian]]></language> 
  <language id="15" iso_code="JA" oui_code="ja"><![CDATA[Japanese]]></language> 
  <language id="16" iso_code="KO" oui_code="ko"><![CDATA[Korean]]></language> 
  <language id="119" iso_code="lv" oui_code="lv"><![CDATA[LATVIAN]]></language> 
  <language id="29" iso_code="ES" oui_code=""><![CDATA[Latin American Spanish]]></language> 
  <language id="63" iso_code="SH" oui_code=""><![CDATA[Latin Serbian]]></language> 
  <language id="109" iso_code="LT" oui_code="lt"><![CDATA[Lithuanian]]></language> 
  <language id="10" iso_code="NO" oui_code="no"><![CDATA[Norwegian]]></language> 
  <language id="110" iso_code="PL" oui_code="pl"><![CDATA[Polish]]></language> 
  <language id="18" iso_code="PT" oui_code="pt"><![CDATA[Portuguese]]></language> 
  <language id="111" iso_code="RO" oui_code="ro"><![CDATA[Romanian]]></language> 
  <language id="112" iso_code="RU" oui_code="ru"><![CDATA[Russian]]></language> 
  <language id="14" iso_code="ZH" oui_code="zh-CN"><![CDATA[Simplified Chinese]]></language> 
  <language id="113" iso_code="SK" oui_code="sk"><![CDATA[Slovak]]></language> 
  <language id="114" iso_code="SL" oui_code="sl"><![CDATA[Slovenian]]></language> 
  <language id="11" iso_code="ES" oui_code="es"><![CDATA[Spanish]]></language> 
  <language id="13" iso_code="SV" oui_code="sv"><![CDATA[Swedish]]></language> 
  <language id="115" iso_code="TH" oui_code="th"><![CDATA[Thai]]></language> 
  <language id="117" iso_code="ZH" oui_code="zh-TW"><![CDATA[Traditional Chinese]]></language> 
  <language id="116" iso_code="TR" oui_code="tr"><![CDATA[Turkish]]></language> 
  <language id="37" iso_code="EN" oui_code="en-GB"><![CDATA[UK English]]></language> 
  <language id="39" iso_code="UK" oui_code="uk"><![CDATA[Ukrainian]]></language> 
  <language id="43" iso_code="VI" oui_code="vi"><![CDATA[Vietnamese]]></language> 
  <language id="999" iso_code="" oui_code=""><![CDATA[Worldwide Spanish]]></language> 
</results>
