<?xml version="1.0" encoding="UTF-8" standalone="yes"?>
<component-def name="oracle.wls.server.shared.with.core.engine" version="12.1.3.0.0" description="oracle.wls.server.shared.with.core.engine" gdr-version="1.1.0.0" xmlns:ns2="http://xmlns.oracle.com/cie/stringsubs" xmlns="http://xmlns.oracle.com/cie/gdr/cpd">
  <file-map symbol="wls.server.symbol" source="filegroup1.jar" expanded="true" compacted="true" patch="19198495">
    <exclude regex="\.ade_path" match-dirs="true"/>
    <directory dest="">
      <directory dest="modules" mode="750">
        <file size="69049" dest="com.bea.core.resourcepool_4.0.0.0.jar" mode="640" action="injection"/>
      </directory>
      <file-perms>
        <permission mode="640" regex=".*"/>
      </file-perms>
    </directory>
    <file-perms>
      <permission mode="750" regex=".*" match-dirs="true"/>
    </file-perms>
  </file-map>
  <libraries/>
</component-def>
