<oneoff_actions>
    <oracle.tfa version="12.1.0.2.0" opt_req="O">
        <copy name="tfa_setup" path="%ORACLE_HOME%/crs/install" file_name="crs/install/tfa_setup"/>
    </oracle.tfa>
    <oracle.rdbms.deconfig version="12.1.0.2.0" opt_req="O">
        <make change_dir="%ORACLE_HOME%/rdbms/lib" make_file="ins_rdbms.mk" make_target="libasmclntsh12.ohso"/>
    </oracle.rdbms.deconfig>
    <oracle.rdbms.rsf version="12.1.0.2.0" opt_req="O">
        <archive name="libasmclntsh12.a" path="%ORACLE_HOME%/lib" object_name="lib/libasmclntsh12.a/kgfm.o"/>
        <archive name="libasmclnt12.a" path="%ORACLE_HOME%/lib" object_name="lib/libasmclnt12.a/kgfm.o"/>
        <archive name="libgeneric12.a" path="%ORACLE_HOME%/lib" object_name="lib/libgeneric12.a/dbgrup.o"/>
        <archive name="libgeneric12.a" path="%ORACLE_HOME%/lib" object_name="lib/libgeneric12.a/dbgrupt.o"/>
        <archive name="libgeneric12.a" path="%ORACLE_HOME%/lib" object_name="lib/libgeneric12.a/dbgtc.o"/>
        <archive name="libgeneric12.a" path="%ORACLE_HOME%/lib" object_name="lib/libgeneric12.a/dbgtfd.o"/>
        <archive name="libgeneric12.a" path="%ORACLE_HOME%/lib" object_name="lib/libgeneric12.a/dbgtfm.o"/>
        <archive name="libgeneric12.a" path="%ORACLE_HOME%/lib" object_name="lib/libgeneric12.a/qcs.o"/>
        <archive name="libgeneric12.a" path="%ORACLE_HOME%/lib" object_name="lib/libgeneric12.a/qmx0.o"/>
        <make change_dir="%ORACLE_HOME%/network/lib" make_file="ins_net_client.mk" make_target="client_sharedlib"/>
        <make change_dir="%ORACLE_HOME%/rdbms/lib" make_file="ins_rdbms.mk" make_target="libasmclntsh12.ohso"/>
    </oracle.rdbms.rsf>
    <oracle.rdbms version="12.1.0.2.0" opt_req="O">
        <archive name="libserver12.a" path="%ORACLE_HOME%/lib" object_name="lib/libserver12.a/kcbz.o"/>
        <archive name="libserver12.a" path="%ORACLE_HOME%/lib" object_name="lib/libserver12.a/kkdl.o"/>
        <archive name="libserver12.a" path="%ORACLE_HOME%/lib" object_name="lib/libserver12.a/kkm2.o"/>
        <archive name="libserver12.a" path="%ORACLE_HOME%/lib" object_name="lib/libserver12.a/kxs.o"/>
        <archive name="libserver12.a" path="%ORACLE_HOME%/lib" object_name="lib/libserver12.a/kql.o"/>
        <archive name="libserver12.a" path="%ORACLE_HOME%/lib" object_name="lib/libserver12.a/kqlb.o"/>
        <archive name="libserver12.a" path="%ORACLE_HOME%/lib" object_name="lib/libserver12.a/kks1.o"/>
        <archive name="libserver12.a" path="%ORACLE_HOME%/lib" object_name="lib/libserver12.a/kkae.o"/>
        <archive name="libserver12.a" path="%ORACLE_HOME%/lib" object_name="lib/libserver12.a/kkp.o"/>
        <archive name="libserver12.a" path="%ORACLE_HOME%/lib" object_name="lib/libserver12.a/rfmrole.o"/>
        <archive name="libserver12.a" path="%ORACLE_HOME%/lib" object_name="lib/libserver12.a/rfrdb.o"/>
        <archive name="libserver12.a" path="%ORACLE_HOME%/lib" object_name="lib/libserver12.a/jskr.o"/>
        <archive name="libserver12.a" path="%ORACLE_HOME%/lib" object_name="lib/libserver12.a/kwra.o"/>
        <archive name="libserver12.a" path="%ORACLE_HOME%/lib" object_name="lib/libserver12.a/kpdb.o"/>
        <archive name="libserver12.a" path="%ORACLE_HOME%/lib" object_name="lib/libserver12.a/kpdba.o"/>
        <archive name="libserver12.a" path="%ORACLE_HOME%/lib" object_name="lib/libserver12.a/kpdbc.o"/>
        <archive name="libserver12.a" path="%ORACLE_HOME%/lib" object_name="lib/libserver12.a/kpdbe.o"/>
        <archive name="libserver12.a" path="%ORACLE_HOME%/lib" object_name="lib/libserver12.a/kpdbf.o"/>
        <archive name="libserver12.a" path="%ORACLE_HOME%/lib" object_name="lib/libserver12.a/kpdbicd.o"/>
        <archive name="libserver12.a" path="%ORACLE_HOME%/lib" object_name="lib/libserver12.a/kpdbutl.o"/>
        <archive name="libserver12.a" path="%ORACLE_HOME%/lib" object_name="lib/libserver12.a/kpdbxmlt.o"/>
        <archive name="libserver12.a" path="%ORACLE_HOME%/lib" object_name="lib/libserver12.a/kpbf.o"/>
        <archive name="libserver12.a" path="%ORACLE_HOME%/lib" object_name="lib/libserver12.a/opiexe.o"/>
        <archive name="libserver12.a" path="%ORACLE_HOME%/lib" object_name="lib/libserver12.a/opiosq.o"/>
        <archive name="libserver12.a" path="%ORACLE_HOME%/lib" object_name="lib/libserver12.a/kf.o"/>
        <archive name="libserver12.a" path="%ORACLE_HOME%/lib" object_name="lib/libserver12.a/kfd.o"/>
        <archive name="libserver12.a" path="%ORACLE_HOME%/lib" object_name="lib/libserver12.a/kfdp.o"/>
        <archive name="libserver12.a" path="%ORACLE_HOME%/lib" object_name="lib/libserver12.a/kfg.o"/>
        <archive name="libserver12.a" path="%ORACLE_HOME%/lib" object_name="lib/libserver12.a/kdbl.o"/>
        <archive name="libserver12.a" path="%ORACLE_HOME%/lib" object_name="lib/libserver12.a/kdblc.o"/>
        <archive name="libserver12.a" path="%ORACLE_HOME%/lib" object_name="lib/libserver12.a/kdt.o"/>
        <archive name="libserver12.a" path="%ORACLE_HOME%/lib" object_name="lib/libserver12.a/kdu.o"/>
        <archive name="libserver12.a" path="%ORACLE_HOME%/lib" object_name="lib/libserver12.a/kcv.o"/>
        <archive name="libserver12.a" path="%ORACLE_HOME%/lib" object_name="lib/libserver12.a/knanr.o"/>
        <archive name="libserver12.a" path="%ORACLE_HOME%/lib" object_name="lib/libserver12.a/knl.o"/>
        <archive name="libserver12.a" path="%ORACLE_HOME%/lib" object_name="lib/libserver12.a/kzft.o"/>
        <archive name="libserver12.a" path="%ORACLE_HOME%/lib" object_name="lib/libserver12.a/kzrt.o"/>
        <archive name="libserver12.a" path="%ORACLE_HOME%/lib" object_name="lib/libserver12.a/kkfd.o"/>
        <archive name="libserver12.a" path="%ORACLE_HOME%/lib" object_name="lib/libserver12.a/kxfp.o"/>
        <archive name="libserver12.a" path="%ORACLE_HOME%/lib" object_name="lib/libserver12.a/kxfpt.o"/>
        <archive name="libserver12.a" path="%ORACLE_HOME%/lib" object_name="lib/libserver12.a/kxfr.o"/>
        <archive name="libserver12.a" path="%ORACLE_HOME%/lib" object_name="lib/libserver12.a/kxft.o"/>
        <archive name="libserver12.a" path="%ORACLE_HOME%/lib" object_name="lib/libserver12.a/kxfx.o"/>
        <archive name="libserver12.a" path="%ORACLE_HOME%/lib" object_name="lib/libserver12.a/qerpx.o"/>
        <archive name="libserver12.a" path="%ORACLE_HOME%/lib" object_name="lib/libserver12.a/qerwn.o"/>
        <archive name="libserver12.a" path="%ORACLE_HOME%/lib" object_name="lib/libserver12.a/qkadrv.o"/>
        <archive name="libserver12.a" path="%ORACLE_HOME%/lib" object_name="lib/libserver12.a/qkexr.o"/>
        <archive name="libserver12.a" path="%ORACLE_HOME%/lib" object_name="lib/libserver12.a/qksop.o"/>
        <archive name="libserver12.a" path="%ORACLE_HOME%/lib" object_name="lib/libserver12.a/qkswc.o"/>
        <archive name="libserver12.a" path="%ORACLE_HOME%/lib" object_name="lib/libserver12.a/dbsmig.o"/>
        <archive name="libserver12.a" path="%ORACLE_HOME%/lib" object_name="lib/libserver12.a/qsmqutl.o"/>
        <archive name="libserver12.a" path="%ORACLE_HOME%/lib" object_name="lib/libserver12.a/ktur.o"/>
        <copy name="asmcmdsys.pm" path="%ORACLE_HOME%/lib" file_name="lib/asmcmdsys.pm"/>
        <copy name="bundledata_PSU.xml" path="%ORACLE_HOME%/rdbms/admin" file_name="rdbms/admin/bundledata_PSU.xml"/>
        <make change_dir="%ORACLE_HOME%/rdbms/lib" make_file="ins_rdbms.mk" make_target="client_sharedlib"/>
        <make change_dir="%ORACLE_HOME%/rdbms/lib" make_file="ins_rdbms.mk" make_target="ioracle"/>
        <make change_dir="%ORACLE_HOME%/rdbms/lib" make_file="ins_rdbms.mk" make_target="ikfed"/>
        <onewaycopy name="bug18909599.sql" path="%ORACLE_HOME%/rdbms/admin" file_name="rdbms/admin/bug18909599.sql"/>
        <onewaycopy name="bug19532017_downgrade.sql" path="%ORACLE_HOME%/rdbms/admin" file_name="rdbms/admin/bug19532017_downgrade.sql"/>
        <onewaycopy name="bug19532017_upgrade.sql" path="%ORACLE_HOME%/rdbms/admin" file_name="rdbms/admin/bug19532017_upgrade.sql"/>
        <onewaycopy name="dbmssqlpatch.sql" path="%ORACLE_HOME%/rdbms/admin" file_name="rdbms/admin/dbmssqlpatch.sql"/>
        <onewaycopy name="prvtsqlpatch.plb" path="%ORACLE_HOME%/rdbms/admin" file_name="rdbms/admin/prvtsqlpatch.plb"/>
        <onewaycopy name="prvtqopi.plb" path="%ORACLE_HOME%/rdbms/admin" file_name="rdbms/admin/prvtqopi.plb"/>
        <onewaycopy name="sqlpatch_bootstrap.sql" path="%ORACLE_HOME%/sqlpatch" file_name="sqlpatch/sqlpatch_bootstrap.sql"/>
        <onewaycopy name="sqlpatch.pm" path="%ORACLE_HOME%/sqlpatch" file_name="sqlpatch/sqlpatch.pm"/>
        <onewaycopy name="sqlpatch.pl" path="%ORACLE_HOME%/sqlpatch" file_name="sqlpatch/sqlpatch.pl"/>
        <onewaycopy name="prvtpckl.plb" path="%ORACLE_HOME%/sqlpatch/20299023/18703022/rollback_files/rdbms/admin" file_name="sqlpatch/20299023/18703022/rollback_files/rdbms/admin/prvtpckl.plb"/>
        <onewaycopy name="bug19532017_downgrade.sql" path="%ORACLE_HOME%/sqlpatch/20299023/18703022/rollback_files/rdbms/admin" file_name="sqlpatch/20299023/18703022/rollback_files/rdbms/admin/bug19532017_downgrade.sql"/>
        <onewaycopy name="utluppkg.sql" path="%ORACLE_HOME%/sqlpatch/20299023/18703022/rollback_files/rdbms/admin" file_name="sqlpatch/20299023/18703022/rollback_files/rdbms/admin/utluppkg.sql"/>
        <onewaycopy name="bug18909599.sql" path="%ORACLE_HOME%/sqlpatch/20299023/18703022/rollback_files/rdbms/admin" file_name="sqlpatch/20299023/18703022/rollback_files/rdbms/admin/bug18909599.sql"/>
        <onewaycopy name="20299023_apply.sql" path="%ORACLE_HOME%/sqlpatch/20299023/18703022" file_name="sqlpatch/20299023/18703022/20299023_apply.sql"/>
        <onewaycopy name="20299023_rollback.sql" path="%ORACLE_HOME%/sqlpatch/20299023/18703022" file_name="sqlpatch/20299023/18703022/20299023_rollback.sql"/>
    </oracle.rdbms>
    <oracle.has.crs version="12.1.0.2.0" opt_req="O">
        <copy name="diskmon" path="%ORACLE_HOME%/bin" file_name="bin/diskmon"/>
    </oracle.has.crs>
    <oracle.rdbms.dbscripts version="12.1.0.2.0" opt_req="O">
        <copy name="c1201000.sql" path="%ORACLE_HOME%/rdbms/admin" file_name="rdbms/admin/c1201000.sql"/>
        <copy name="catadvtb.sql" path="%ORACLE_HOME%/rdbms/admin" file_name="rdbms/admin/catadvtb.sql"/>
        <copy name="catdpb.sql" path="%ORACLE_HOME%/rdbms/admin" file_name="rdbms/admin/catdpb.sql"/>
        <copy name="catmetx.sql" path="%ORACLE_HOME%/rdbms/admin" file_name="rdbms/admin/catmetx.sql"/>
        <copy name="catsqlreg.sql" path="%ORACLE_HOME%/rdbms/admin" file_name="rdbms/admin/catsqlreg.sql"/>
        <copy name="catupstr.sql" path="%ORACLE_HOME%/rdbms/admin" file_name="rdbms/admin/catupstr.sql"/>
        <copy name="e1201000.sql" path="%ORACLE_HOME%/rdbms/admin" file_name="rdbms/admin/e1201000.sql"/>
        <copy name="utluppkg.sql" path="%ORACLE_HOME%/rdbms/admin" file_name="rdbms/admin/utluppkg.sql"/>
        <copy name="prvtbsat.plb" path="%ORACLE_HOME%/rdbms/admin" file_name="rdbms/admin/prvtbsat.plb"/>
        <copy name="prvtdrep.plb" path="%ORACLE_HOME%/rdbms/admin" file_name="rdbms/admin/prvtdrep.plb"/>
    </oracle.rdbms.dbscripts>
    <oracle.rdbms.rsf.ic version="12.1.0.2.0" opt_req="O">
        <make change_dir="%ORACLE_HOME%/rdbms/lib" make_file="ins_rdbms.mk" make_target="iadrci"/>
    </oracle.rdbms.rsf.ic>
    <oracle.ldap.rsf version="12.1.0.2.0" opt_req="O">
        <copy name="libnnz12.a" path="%ORACLE_HOME%/lib" file_name="lib/libnnz12.a"/>
        <copy name="libnnzst12.a" path="%ORACLE_HOME%/lib" file_name="lib/libnnzst12.a"/>
    </oracle.ldap.rsf>
    <oracle.ldap.rsf.ic version="12.1.0.2.0" opt_req="O">
        <copy name="libnnz12.so" path="%ORACLE_HOME%/lib" file_name="lib/libnnz12.so"/>
    </oracle.ldap.rsf.ic>
</oneoff_actions>
