<oneoff_inventory>
    <opack_version version="13.1.0.1.1"/>
    <patch_description>Database Patch Set Update : 12.1.0.2.3 (20299023)</patch_description>
    <constituent active="21359755"/>
    <patch_id number="20299023"/>
    <minimum_opatch_version>12.1.0.1.4</minimum_opatch_version>
    <unique_patch_id>18703022</unique_patch_id>
    <cannot_autorollback>false</cannot_autorollback>
    <date_of_patch year="2015" month="Mar" day="16" time="22:21:54 hrs" zone="PST8PDT"/>
    <base_bugs>
        <bug number="20440930" description="SQLPATCH/DATAPATCH HANGS ON JAPANESE LOCALES"/>
        <bug number="18306996" description="INCORRECT SORT ORDER IN 11.2.0.4 EVEN WITH ORDER BY"/>
        <bug number="19865345" description="ODA  KFISODA DOES NOT IDENTIFY ODA ENVIRONMENT"/>
        <bug number="19536415" description="DB UPGRADE FAILS WITH ORA-600 [KKAEGSO  PUBLIC]"/>
        <bug number="18607546" description="ORA-600 [KDBLKCHECKERROR], [43], [1971507], [6266] WITH CHAINED ROWS"/>
        <bug number="19487147" description="CREATE EDITION ERRORS OUT WITH ORA-38807"/>
        <bug number="19035573" description="AFD.CONF SHOULD BE UPDATED AFTER SETTING AFD_DISKSTRING EXPLICITLY"/>
        <bug number="19873610" description="ORA-1658 DURING 12.1.0.2 UPGRADE FROM 11.1.0.7"/>
        <bug number="19081128" description="BOGUS CHARS RETURNED FROM NZDUUI6_GET_NAME COMMON_NAME ATTRIBUTE"/>
        <bug number="19606174" description="ORA-2030 WHEN COMPILING PL/SQL CODE THAT SELECTS FROM REMOTE FIXED VIEW/TABLE"/>
        <bug number="19272708" description="UNABLE TO UPGRADE PDBS IF STANDARD IS CHANGED"/>
        <bug number="17274537" description="ASM DISK GROUP FORCE DISMOUNTED DUE TO SLOW I/OS"/>
        <bug number="19358317" description="Fix for Bug 19358317"/>
        <bug number="19291380" description="DBUA FAILS WITH ORA-38804 WHEN THERE IS NO ORA$BASE EDITION IN SOURCE DATABASE"/>
        <bug number="19012119" description="ORA-15196 WITH 5TB DISK SIZE IN 12.1"/>
        <bug number="19687159" description="ORA-4030  OUT OF PROCESS MEMORY USING AGGREGATION"/>
        <bug number="19547370" description="LOG OUTPUT OF DATAPATCH"/>
        <bug number="20348653" description="HIT ORA-01418 SPECIFIED INDEX DOES NOT EXISWHEN ROLLBACK GIPSU"/>
        <bug number="20425790" description="LOGMINER PATCHES SHOULD TRANSPARENTLY FUNCTION IN A NON-PARITIONING ENABLED DB"/>
        <bug number="19524384" description="ORA-704, ORA-604, ORA-2240 AND DATABASE DOESN'T OPEN AFTER UPGRADE TO 11.2.0.4"/>
        <bug number="19385656" description="PDB PLUGIN GETS ORA-1274 ON STANDBY WHEN PRIMARY AND STANDBY SHARE SAME ASM"/>
        <bug number="19928926" description="ORA-942 ERROR DURING 11203 TO 12.2 UPGRADE ON ASM FILE SYSTEM"/>
        <bug number="18681056" description="ORA-600[KGLBRK-BAD-LOCK] WAS INTERMITTENTLY SIGNALED IN CDB ENVIRONMENT."/>
        <bug number="19512341" description="'ADRCI PURGE' DELETES CURRENT DAEMON TRACES"/>
        <bug number="18856999" description="WRONG RESULTS (WRONG CURSOR) WITH SCHEMA TABLE MASKING PUBLIC SYNONYM"/>
        <bug number="16619249" description="VPD   ORA-7445 IN [KZRTEVW] AND KZFTEVW"/>
        <bug number="19018447" description="DB PROC HIT ORA-07445 KSXPMSGCNCL() &amp;amp; ORA-00600 [15810] ERRORS"/>
        <bug number="19393542" description="TIMESTAMP MISMATCHES ON RULE SET &amp;amp; EVALUATION CONTEXT"/>
        <bug number="20235511" description="PLACEHOLDER FOR TFA COLLECTOR VERSION 12.1.2.1.2"/>
        <bug number="19627012" description="ORA-7445 [KD9IR2TCOMPUTETREESERCS()+160] DURING IMPDP"/>
        <bug number="19649152" description="ORA-600 [KTURRUR_0] RUNNING OPM LOT COST PROCESSOR IN FDPSTP"/>
        <bug number="19670108" description="WITH CLAUSE QUERY WITH BINDS RUNS INTO ORA-600 [QCSFPBND]"/>
        <bug number="19684504" description="ORA-32036 EXECUTING WITH STATEMENT AFTER UPGRADE TO 12.1.0.2"/>
        <bug number="18417036" description="INSERT /*+APPEND*/ PRODUCE WRONG RESULTS AFTER UPGRADE FROM 11.2.0.1 TO 11.2.0.4"/>
        <bug number="20347562" description="PARTNERSHIP INFORMATION PROVIDED BY OAKLIB OVERWRITTEN BY ASM"/>
        <bug number="19658708" description="APPLY IS GOING DOWN WHEN  2ND INSTANCE IS SHUTDOWN."/>
        <bug number="19896336" description="DELETE AND UPDATE TRIGGERS NOT FIRING IN SOME DML AGAINST EDITIONED VIEWS"/>
        <bug number="19805359" description="DB 11.2 PRIVILEGES DIFFERENCE BETWEEN FRESH INSTALL AND UPGRADE FROM 10.2"/>
        <bug number="19637186" description="RAC OPTION MISMATCH PRODUCES ERROR VIOLATION DURING PDB PLUG IN"/>
        <bug number="18940497" description="ORA-600 [KDBLKCHECKERROR] DOING UPDATE ON EHCC TABLE"/>
        <bug number="19183343" description="WRONG RESULT RETURNED BY STATEMENT WHEN USING IN LIST."/>
        <bug number="19978542" description="DOWNGRADE FROM 12.2  TO 12.1.0.2 FAILS WITH PRVTSQLPATCH COMPILATION WARNING."/>
        <bug number="19644859" description="STARTING OF IR FAILED WITH ORA-00904  'UTL_RAW'.'CAST_TO_VARCHAR2"/>
        <bug number="18202441" description="LOGMINER SHOWS INCORRECT VALUE IN WHERE CLAUSE"/>
        <bug number="19023822" description="DATA GETS TRUNCATED WHILE FILE SIZE OF THE FILE BEING TRANSFERRED IS &amp;gt; 4G"/>
        <bug number="19791377" description="FLUSHING THE SHARED POOL TAKES A  LONG TIME IN CDB UPGRADE FROM 12101 TO 12102"/>
        <bug number="18909599" description="MOVE DATABASE FROM SHARE NFS TO SHARE NFS REPORT SQLPATCH FAILED"/>
        <bug number="19335438" description="BROKER CONFIG WITH STANDBYS=NONE PDB RETURNS ORA-16843"/>
        <bug number="19238590" description="ORA-600[KFDATBUPDATE_11_00] DURING DISKGROUP RESIZE OPERATION"/>
        <bug number="19841800" description="RECOVER PDB WITH PRE-PLUGIN BACKUP FAILS"/>
        <bug number="19619732" description="MANY BLOCK DUMP INCORRECT SAY TABLESPACE IS ENCRYPTED"/>
        <bug number="19315691" description="CHANGE XMLTYPE DATATYPE TO CLOB FOR BUNDLE_DATA COLUMN IN REGISTRY$PATCH"/>
        <bug number="19730508" description="ORA-600 [KWQDLPROCHSTENTRY LTBAGI]"/>
        <bug number="19597583" description="'EXTERNAL TABLE READS' DURING PDB CREATION"/>
        <bug number="19065677" description="ORA-604 AND ORA-904 AFTER UPGRADE FROM 11.2.0.2"/>
        <bug number="19915271" description="Fix for Bug 19915271"/>
    </base_bugs>
    <required_components>
        <component internal_name="oracle.tfa" version="12.1.0.2.0" opt_req="O"/>
        <component internal_name="oracle.rdbms.deconfig" version="12.1.0.2.0" opt_req="O"/>
        <component internal_name="oracle.rdbms.rsf" version="12.1.0.2.0" opt_req="O"/>
        <component internal_name="oracle.rdbms" version="12.1.0.2.0" opt_req="O"/>
        <component internal_name="oracle.has.crs" version="12.1.0.2.0" opt_req="O"/>
        <component internal_name="oracle.rdbms.dbscripts" version="12.1.0.2.0" opt_req="O"/>
        <component internal_name="oracle.rdbms.rsf.ic" version="12.1.0.2.0" opt_req="O"/>
        <component internal_name="oracle.ldap.rsf" version="12.1.0.2.0" opt_req="O"/>
        <component internal_name="oracle.ldap.rsf.ic" version="12.1.0.2.0" opt_req="O"/>
    </required_components>
    <os_platforms>
        <platform name="Linux x86-64" id="226"/>
    </os_platforms>
    <executables>
        <executable path="%ORACLE_HOME%/bin/oracle"/>
        <executable path="%ORACLE_HOME%/bin/kfed"/>
        <executable path="%ORACLE_HOME%/bin/adrci"/>
        <executable path="%ORACLE_HOME%/lib/libclntsh.so.12.1"/>
        <executable path="%ORACLE_HOME%/lib/libasmclntsh12.so"/>
    </executables>
    <instance_shutdown>true</instance_shutdown>
    <instance_shutdown_message></instance_shutdown_message>
    <online_rac_installable>true</online_rac_installable>
    <run_as_root>false</run_as_root>
    <sql_migrate>false</sql_migrate>
    <sql_patch>true</sql_patch>
    <sql_patch_database_startup_mode>normal</sql_patch_database_startup_mode>
    <wls_prereq_oneoffs></wls_prereq_oneoffs>
    <prereq_oneoffs>
        <prereq oneoff_id="19769480"/>
    </prereq_oneoffs>
    <coreq_oneoffs></coreq_oneoffs>
    <overlay_oneoffs>
        <overlay oneoff_id="19769480"/>
    </overlay_oneoffs>
    <patch_type value="singleton"/>
    <patch_language value="en"/>
    <product_family value="db"/>
    <patching_model value="one-off"/>
    <auto>false</auto>
    <translatable>false</translatable>
    <applicable_product/>
    <products></products>
    <update_components></update_components>
</oneoff_inventory>
