<oneoff_actions>
    <oracle.assistants.server version="12.1.0.2.0" opt_req="O">
        <jar name="dbca.jar" path="%ORACLE_HOME%/assistants/dbca/jlib" class_name="/assistants/dbca/jlib/dbca.jar/oracle/sysman/assistants/dbca/dbcx/XMLHost.class"/>
    </oracle.assistants.server>
    <oracle.rdbms.rsf version="12.1.0.2.0" opt_req="O">
        <copy name="sjsex.o" path="%ORACLE_HOME%/rdbms/lib" file_name="rdbms/lib/sjsex.o"/>
        <make change_dir="%ORACLE_HOME%/rdbms/lib" make_file="ins_rdbms.mk" make_target="iextjobo"/>
        <make change_dir="%ORACLE_HOME%/rdbms/lib" make_file="ins_rdbms.mk" make_target="iextjob"/>
    </oracle.rdbms.rsf>
    <oracle.rdbms version="12.1.0.2.0" opt_req="O">
        <archive name="libserver12.a" path="%ORACLE_HOME%/lib" object_name="lib/libserver12.a/kcb.o"/>
        <archive name="libserver12.a" path="%ORACLE_HOME%/lib" object_name="lib/libserver12.a/kcbz.o"/>
        <archive name="libserver12.a" path="%ORACLE_HOME%/lib" object_name="lib/libserver12.a/kcl.o"/>
        <archive name="libserver12.a" path="%ORACLE_HOME%/lib" object_name="lib/libserver12.a/kjfm.o"/>
        <archive name="libserver12.a" path="%ORACLE_HOME%/lib" object_name="lib/libserver12.a/kjgcr.o"/>
        <archive name="libserver12.a" path="%ORACLE_HOME%/lib" object_name="lib/libserver12.a/kxes.o"/>
        <archive name="libserver12.a" path="%ORACLE_HOME%/lib" object_name="lib/libserver12.a/kql.o"/>
        <archive name="libserver12.a" path="%ORACLE_HOME%/lib" object_name="lib/libserver12.a/kokt.o"/>
        <archive name="libserver12.a" path="%ORACLE_HOME%/lib" object_name="lib/libserver12.a/kwqmn.o"/>
        <archive name="libserver12.a" path="%ORACLE_HOME%/lib" object_name="lib/libserver12.a/kpdba.o"/>
        <archive name="libserver12.a" path="%ORACLE_HOME%/lib" object_name="lib/libserver12.a/rpi.o"/>
        <archive name="libserver12.a" path="%ORACLE_HOME%/lib" object_name="lib/libserver12.a/kfd.o"/>
        <archive name="libserver12.a" path="%ORACLE_HOME%/lib" object_name="lib/libserver12.a/kfdva.o"/>
        <archive name="libserver12.a" path="%ORACLE_HOME%/lib" object_name="lib/libserver12.a/kff.o"/>
        <archive name="libserver12.a" path="%ORACLE_HOME%/lib" object_name="lib/libserver12.a/krbc.o"/>
        <archive name="libserver12.a" path="%ORACLE_HOME%/lib" object_name="lib/libserver12.a/kfns.o"/>
        <archive name="libserver12.a" path="%ORACLE_HOME%/lib" object_name="lib/libserver12.a/ktsk.o"/>
        <archive name="libserver12.a" path="%ORACLE_HOME%/lib" object_name="lib/libserver12.a/kfvx.o"/>
        <archive name="libserver12.a" path="%ORACLE_HOME%/lib" object_name="lib/libserver12.a/kdc.o"/>
        <archive name="libserver12.a" path="%ORACLE_HOME%/lib" object_name="lib/libserver12.a/kdt.o"/>
        <archive name="libserver12.a" path="%ORACLE_HOME%/lib" object_name="lib/libserver12.a/kcrfw.o"/>
        <archive name="libserver12.a" path="%ORACLE_HOME%/lib" object_name="lib/libserver12.a/krb.o"/>
        <archive name="libserver12.a" path="%ORACLE_HOME%/lib" object_name="lib/libserver12.a/krbm.o"/>
        <archive name="libserver12.a" path="%ORACLE_HOME%/lib" object_name="lib/libserver12.a/knlogc.o"/>
        <archive name="libserver12.a" path="%ORACLE_HOME%/lib" object_name="lib/libserver12.a/kzam.o"/>
        <archive name="libserver12.a" path="%ORACLE_HOME%/lib" object_name="lib/libserver12.a/kzan.o"/>
        <archive name="libserver12.a" path="%ORACLE_HOME%/lib" object_name="lib/libserver12.a/ktsp.o"/>
        <archive name="libserver12.a" path="%ORACLE_HOME%/lib" object_name="lib/libserver12.a/ktsplb.o"/>
        <archive name="libserver12.a" path="%ORACLE_HOME%/lib" object_name="lib/libserver12.a/ktspsrch.o"/>
        <archive name="libserver12.a" path="%ORACLE_HOME%/lib" object_name="lib/libserver12.a/qksbg.o"/>
        <archive name="libserver12.a" path="%ORACLE_HOME%/lib" object_name="lib/libserver12.a/kspt.o"/>
        <archive name="libserver12.a" path="%ORACLE_HOME%/lib" object_name="lib/libserver12.a/qmixo.o"/>
        <copy name="bundledata_PSU.xml" path="%ORACLE_HOME%/rdbms/admin" file_name="rdbms/admin/bundledata_PSU.xml"/>
        <make change_dir="%ORACLE_HOME%/rdbms/lib" make_file="ins_rdbms.mk" make_target="ioracle"/>
        <onewaycopy name="21359755_apply.sql" path="%ORACLE_HOME%/sqlpatch/21359755/19194568" file_name="sqlpatch/21359755/19194568/21359755_apply.sql"/>
        <onewaycopy name="21359755_rollback.sql" path="%ORACLE_HOME%/sqlpatch/21359755/19194568" file_name="sqlpatch/21359755/19194568/21359755_rollback.sql"/>
        <onewaycopy name="bug20876308_rollback.sql" path="%ORACLE_HOME%/sqlpatch/21359755/19194568/rollback_files/rdbms/admin" file_name="sqlpatch/21359755/19194568/rollback_files/rdbms/admin/bug20876308_rollback.sql"/>
        <onewaycopy name="prvtpckl.plb" path="%ORACLE_HOME%/sqlpatch/21359755/19194568/rollback_files/rdbms/admin" file_name="sqlpatch/21359755/19194568/rollback_files/rdbms/admin/prvtpckl.plb"/>
        <onewaycopy name="bug19532017_downgrade.sql" path="%ORACLE_HOME%/sqlpatch/21359755/19194568/rollback_files/rdbms/admin" file_name="sqlpatch/21359755/19194568/rollback_files/rdbms/admin/bug19532017_downgrade.sql"/>
        <onewaycopy name="prvtlmd.plb" path="%ORACLE_HOME%/sqlpatch/21359755/19194568/rollback_files/rdbms/admin" file_name="sqlpatch/21359755/19194568/rollback_files/rdbms/admin/prvtlmd.plb"/>
        <onewaycopy name="prvtpexei.plb" path="%ORACLE_HOME%/sqlpatch/21359755/19194568/rollback_files/rdbms/admin" file_name="sqlpatch/21359755/19194568/rollback_files/rdbms/admin/prvtpexei.plb"/>
        <onewaycopy name="prvtilm.plb" path="%ORACLE_HOME%/sqlpatch/21359755/19194568/rollback_files/rdbms/admin" file_name="sqlpatch/21359755/19194568/rollback_files/rdbms/admin/prvtilm.plb"/>
        <onewaycopy name="utluppkg.sql" path="%ORACLE_HOME%/sqlpatch/21359755/19194568/rollback_files/rdbms/admin" file_name="sqlpatch/21359755/19194568/rollback_files/rdbms/admin/utluppkg.sql"/>
        <onewaycopy name="bug19587324.sql" path="%ORACLE_HOME%/sqlpatch/21359755/19194568/rollback_files/rdbms/admin" file_name="sqlpatch/21359755/19194568/rollback_files/rdbms/admin/bug19587324.sql"/>
        <onewaycopy name="bug18909599.sql" path="%ORACLE_HOME%/sqlpatch/21359755/19194568/rollback_files/rdbms/admin" file_name="sqlpatch/21359755/19194568/rollback_files/rdbms/admin/bug18909599.sql"/>
        <onewaycopy name="bug19587324.sql" path="%ORACLE_HOME%/rdbms/admin" file_name="rdbms/admin/bug19587324.sql"/>
        <onewaycopy name="prvtsqlpatch.plb" path="%ORACLE_HOME%/rdbms/admin" file_name="rdbms/admin/prvtsqlpatch.plb"/>
        <onewaycopy name="prvtqopi.plb" path="%ORACLE_HOME%/rdbms/admin" file_name="rdbms/admin/prvtqopi.plb"/>
        <onewaycopy name="sqlpatch.pm" path="%ORACLE_HOME%/sqlpatch" file_name="sqlpatch/sqlpatch.pm"/>
    </oracle.rdbms>
    <oracle.rdbms.dbscripts version="12.1.0.2.0" opt_req="O">
        <copy name="prvtpexei.plb" path="%ORACLE_HOME%/rdbms/admin" file_name="rdbms/admin/prvtpexei.plb"/>
        <copy name="prvtlmd.plb" path="%ORACLE_HOME%/rdbms/admin" file_name="rdbms/admin/prvtlmd.plb"/>
        <copy name="prvtilm.plb" path="%ORACLE_HOME%/rdbms/admin" file_name="rdbms/admin/prvtilm.plb"/>
    </oracle.rdbms.dbscripts>
    <oracle.tfa version="12.1.0.2.0" opt_req="O">
        <copy name="tfa_setup" path="%ORACLE_HOME%/crs/install" file_name="crs/install/tfa_setup"/>
    </oracle.tfa>
</oneoff_actions>