<oneoff_inventory>
    <opack_version version="13.1.0.1.1"/>
    <patch_description>Database Patch Set Update : 12.1.0.2.5 (21359755)</patch_description>
    <constituent active="21359755"/>
    <patch_id number="21359755"/>
    <minimum_opatch_version>12.1.0.1.7</minimum_opatch_version>
    <unique_patch_id>19194568</unique_patch_id>
    <cannot_autorollback>false</cannot_autorollback>
    <date_of_patch year="2015" month="Oct" day="21" time="02:52:58 hrs" zone="PST8PDT"/>
    <base_bugs>
        <bug number="19243521" description="DBCA FAILED FOR RAC PROVISIONING 12102 ON RC4 LABEL140707"/>
        <bug number="20048359" description="PARALLEL QUERY CONSUMES CPU TIME ON RAC WITH DATABASE SMART FLASH CACHE"/>
        <bug number="19571367" description="ILM QUERY USES INEFFICIENT ACCESS PLAN"/>
        <bug number="20397490" description="12.1.0.2 RMAN BACKUP [PERFORMANCE IS 6 TIMES SLOWER THAN 11204BP9"/>
        <bug number="20476175" description="CURSOR IS NOT SHARED BY A DIFFERENT SESSION IF _FIX_CONTROL IS USED IN OPT_PARAM"/>
        <bug number="20925795" description="Fix for Bug 20925795"/>
        <bug number="21442094" description="PLACEHOLDER FOR TFA COLLECTOR VERSION 12.1.2.5.1 INCLUSION IN OCT 2015 PSU"/>
        <bug number="20245930" description="HIGH EXECUTIONS OF A RECURSIVE SQL AFTER ENABLING THE EDITION-BASED REDEFINITION"/>
        <bug number="20134339" description="BIGBH ASM RBAL PROCESS USE 3.4G PRIVMEM"/>
        <bug number="21281532" description="ORA-600 [KFDATBUPDATE_11_02]  CAN OCCUR IN REBALANCE SLAVE WHEN USING LARGE FILE"/>
        <bug number="21421886" description="DATAPATCH ERROR SP2-0310 ON APPLYING WINDOWS BUNDLE PATCH ON STANDARD EDITION"/>
        <bug number="20413820" description="ORA-22348 OCCURS FOR DDL ATTEMPT ON NONEDITIONED OBJECT"/>
        <bug number="18966843" description="DBMS_PARALLEL_EXECUTE PERFORMANCE DELAY AFTER UPGRADE TO 11.2.0.4"/>
        <bug number="20441797" description="Fix for Bug 20441797"/>
        <bug number="20281121" description="ACCESSING DBA_REGISTRY_SQLPATCH HIT ERROR  942 DURING UNPLUG OPERATION"/>
        <bug number="21620471" description="DATAPATCH RUNS ON FIRST NODE AND DOESN'T APPLY ALL REQUIRED BUNDLE PATCH CODE"/>
        <bug number="19791273" description="DISABLE SPACE SEARCH CACHE FOR UPDATES"/>
        <bug number="20361671" description="ALL DB INSTANCES CRASHED DUE TO ORA-15064 ASM COMMUNICATION"/>
        <bug number="18411216" description="LOTS OF LMHB TRACES WITH 'KJGCR_MAIN  KJGCR_LOOP  INTEGRITYCHECK PASSED'"/>
        <bug number="19587324" description="WITH 11.2.0.4, THE CAPTURE MECHANISM STARTS UP TOO MANY PARALLEL QUERY SERVERS"/>
        <bug number="19032777" description="IMC NONRAC + OGG EXTRACT READ ERROR ORA-7445 [KNLOGCPACKDDL()+4445]"/>
        <bug number="19468991" description="PERSISTENT READ-MOSTLY NOT BEING PICKED UP BY GEN0 AT INSTANCE STARTUP"/>
        <bug number="17365043" description="'STREAMS AQ  ENQUEUE BLOCKED ON LOW MEMORY' WHEN REDUCING STREAMS_POOL_SIZE"/>
        <bug number="22062026" description="QI RETURN WRONG RESULTS ON NODE1 WITH BP13 APPLIED ON BP12"/>
        <bug number="20471920" description="Fix for Bug 20471920"/>
        <bug number="18743542" description="12C UNIFIED AUDIT TRAIL, CANNOT DELETE  LAST_ARCHIVE_TIME"/>
        <bug number="20688221" description="CREATING ACFS VOLUME CAUSING ASM DATAFILE CORRUPTIONS"/>
        <bug number="20122715" description="ORA-742 RUNNING WITH MULTIPLE LGWR PROCESS"/>
    </base_bugs>
    <required_components>
        <component internal_name="oracle.assistants.server" version="12.1.0.2.0" opt_req="O"/>
        <component internal_name="oracle.rdbms.rsf" version="12.1.0.2.0" opt_req="O"/>
        <component internal_name="oracle.rdbms" version="12.1.0.2.0" opt_req="O"/>
        <component internal_name="oracle.rdbms.dbscripts" version="12.1.0.2.0" opt_req="O"/>
        <component internal_name="oracle.tfa" version="12.1.0.2.0" opt_req="O"/>
    </required_components>
    <os_platforms>
        <platform name="Linux x86-64" id="226"/>
    </os_platforms>
    <executables>
        <executable path="%ORACLE_HOME%/bin/oracle"/>
        <executable path="%ORACLE_HOME%/bin/extjob"/>
        <executable path="%ORACLE_HOME%/bin/extjobo"/>
    </executables>
    <instance_shutdown>true</instance_shutdown>
    <instance_shutdown_message></instance_shutdown_message>
    <online_rac_installable>true</online_rac_installable>
    <run_as_root>false</run_as_root>
    <sql_migrate>false</sql_migrate>
    <sql_patch>true</sql_patch>
    <sql_patch_database_startup_mode>normal</sql_patch_database_startup_mode>
    <wls_prereq_oneoffs></wls_prereq_oneoffs>
    <prereq_oneoffs>
        <prereq oneoff_id="19769480"/>
        <prereq oneoff_id="20299023"/>
        <prereq oneoff_id="20831110"/>
    </prereq_oneoffs>
    <coreq_oneoffs></coreq_oneoffs>
    <overlay_oneoffs>
        <overlay oneoff_id="19769480"/>
        <overlay oneoff_id="20299023"/>
        <overlay oneoff_id="20831110"/>
    </overlay_oneoffs>
    <patch_type value="singleton"/>
    <patch_language value="en"/>
    <product_family value="db"/>
    <patching_model value="one-off"/>
    <auto>false</auto>
    <translatable>false</translatable>
    <applicable_product/>
    <products></products>
    <update_components></update_components>
</oneoff_inventory>
