<oneoff_actions>
    <oracle.rdbms version="12.1.0.2.0" opt_req="O">
        <archive name="libserver12.a" path="%ORACLE_HOME%/lib" object_name="lib/libserver12.a/kcbk.o"/>
        <archive name="libserver12.a" path="%ORACLE_HOME%/lib" object_name="lib/libserver12.a/kcl.o"/>
        <archive name="libserver12.a" path="%ORACLE_HOME%/lib" object_name="lib/libserver12.a/kxs.o"/>
        <archive name="libserver12.a" path="%ORACLE_HOME%/lib" object_name="lib/libserver12.a/kks1.o"/>
        <archive name="libserver12.a" path="%ORACLE_HOME%/lib" object_name="lib/libserver12.a/rfrdb.o"/>
        <archive name="libserver12.a" path="%ORACLE_HOME%/lib" object_name="lib/libserver12.a/rfrxpt.o"/>
        <archive name="libserver12.a" path="%ORACLE_HOME%/lib" object_name="lib/libserver12.a/koklv.o"/>
        <archive name="libserver12.a" path="%ORACLE_HOME%/lib" object_name="lib/libserver12.a/kokm.o"/>
        <archive name="libserver12.a" path="%ORACLE_HOME%/lib" object_name="lib/libserver12.a/krsd.o"/>
        <archive name="libserver12.a" path="%ORACLE_HOME%/lib" object_name="lib/libserver12.a/kzaf.o"/>
        <archive name="libserver12.a" path="%ORACLE_HOME%/lib" object_name="lib/libserver12.a/ktslj.o"/>
        <archive name="libserver12.a" path="%ORACLE_HOME%/lib" object_name="lib/libserver12.a/qksvc.o"/>
        <archive name="libserver12.a" path="%ORACLE_HOME%/lib" object_name="lib/libserver12.a/prsc.o"/>
        <archive name="libserver12.a" path="%ORACLE_HOME%/lib" object_name="lib/libserver12.a/kzia.o"/>
        <archive name="libserver12.a" path="%ORACLE_HOME%/lib" object_name="lib/libserver12.a/ksk.o"/>
        <copy name="asmcmdshare.pm" path="%ORACLE_HOME%/lib" file_name="lib/asmcmdshare.pm"/>
        <copy name="asmcmdug.pm" path="%ORACLE_HOME%/lib" file_name="lib/asmcmdug.pm"/>
        <copy name="bundledata_PSU.xml" path="%ORACLE_HOME%/rdbms/admin" file_name="rdbms/admin/bundledata_PSU.xml"/>
        <make change_dir="%ORACLE_HOME%/rdbms/lib" make_file="ins_rdbms.mk" make_target="client_sharedlib"/>
        <make change_dir="%ORACLE_HOME%/rdbms/lib" make_file="ins_rdbms.mk" make_target="ioracle"/>
        <onewaycopy name="bug20876308_apply.sql" path="%ORACLE_HOME%/rdbms/admin" file_name="rdbms/admin/bug20876308_apply.sql"/>
        <onewaycopy name="bug20876308_rollback.sql" path="%ORACLE_HOME%/rdbms/admin" file_name="rdbms/admin/bug20876308_rollback.sql"/>
        <onewaycopy name="bug20876308_rollback.sql" path="%ORACLE_HOME%/sqlpatch/20831110/18977826/rollback_files/rdbms/admin" file_name="sqlpatch/20831110/18977826/rollback_files/rdbms/admin/bug20876308_rollback.sql"/>
        <onewaycopy name="prvtpckl.plb" path="%ORACLE_HOME%/sqlpatch/20831110/18977826/rollback_files/rdbms/admin" file_name="sqlpatch/20831110/18977826/rollback_files/rdbms/admin/prvtpckl.plb"/>
        <onewaycopy name="utluppkg.sql" path="%ORACLE_HOME%/sqlpatch/20831110/18977826/rollback_files/rdbms/admin" file_name="sqlpatch/20831110/18977826/rollback_files/rdbms/admin/utluppkg.sql"/>
        <onewaycopy name="bug19532017_downgrade.sql" path="%ORACLE_HOME%/sqlpatch/20831110/18977826/rollback_files/rdbms/admin" file_name="sqlpatch/20831110/18977826/rollback_files/rdbms/admin/bug19532017_downgrade.sql"/>
        <onewaycopy name="bug18909599.sql" path="%ORACLE_HOME%/sqlpatch/20831110/18977826/rollback_files/rdbms/admin" file_name="sqlpatch/20831110/18977826/rollback_files/rdbms/admin/bug18909599.sql"/>
        <onewaycopy name="20831110_apply.sql" path="%ORACLE_HOME%/sqlpatch/20831110/18977826" file_name="sqlpatch/20831110/18977826/20831110_apply.sql"/>
        <onewaycopy name="20831110_rollback.sql" path="%ORACLE_HOME%/sqlpatch/20831110/18977826" file_name="sqlpatch/20831110/18977826/20831110_rollback.sql"/>
    </oracle.rdbms>
    <oracle.oraolap.dbscripts version="12.1.0.2.0" opt_req="O">
        <copy name="xoqclnup.sql" path="%ORACLE_HOME%/olap/admin" file_name="olap/admin/xoqclnup.sql"/>
        <copy name="xoqu112.sql" path="%ORACLE_HOME%/olap/admin" file_name="olap/admin/xoqu112.sql"/>
        <copy name="bug20558005.sql" path="%ORACLE_HOME%/olap/admin" file_name="olap/admin/bug20558005.sql"/>
    </oracle.oraolap.dbscripts>
    <oracle.ldap.rsf version="12.1.0.2.0" opt_req="O">
        <copy name="libccme_base_non_fips.so" path="%ORACLE_HOME%/lib" file_name="lib/libccme_base_non_fips.so"/>
        <copy name="libccme_ecc_accel_non_fips.so" path="%ORACLE_HOME%/lib" file_name="lib/libccme_ecc_accel_non_fips.so"/>
        <copy name="libccme_ecc_non_fips.so" path="%ORACLE_HOME%/lib" file_name="lib/libccme_ecc_non_fips.so"/>
    </oracle.ldap.rsf>
    <oracle.tfa version="12.1.0.2.0" opt_req="O">
        <copy name="tfa_setup" path="%ORACLE_HOME%/crs/install" file_name="crs/install/tfa_setup"/>
    </oracle.tfa>
    <oracle.rdbms.dbscripts version="12.1.0.2.0" opt_req="O">
        <copy name="catfga.sql" path="%ORACLE_HOME%/rdbms/admin" file_name="rdbms/admin/catfga.sql"/>
        <copy name="catschv.sql" path="%ORACLE_HOME%/rdbms/admin" file_name="rdbms/admin/catschv.sql"/>
        <copy name="catctl.pl" path="%ORACLE_HOME%/rdbms/admin" file_name="rdbms/admin/catctl.pl"/>
    </oracle.rdbms.dbscripts>
    <oracle.rdbms.rsf version="12.1.0.2.0" opt_req="O">
        <make change_dir="%ORACLE_HOME%/network/lib" make_file="ins_net_client.mk" make_target="client_sharedlib"/>
    </oracle.rdbms.rsf>
</oneoff_actions>