<oneoff_inventory>
    <opack_version version="13.2.0.1.0"/>
    <patch_description>Database Patch Set Update : 12.1.0.2.4 (20831110)</patch_description>
    <constituent active="21359755"/>
    <patch_id number="20831110"/>
    <minimum_opatch_version>12.1.0.1.4</minimum_opatch_version>
    <unique_patch_id>18977826</unique_patch_id>
    <cannot_autorollback>false</cannot_autorollback>
    <date_of_patch year="2015" month="Jul" day="11" time="00:45:40 hrs" zone="PST8PDT"/>
    <base_bugs>
        <bug number="20424899" description="Fix for Bug 20424899"/>
        <bug number="19307662" description="RAC THROUGHPUT LOW WITH REPOPULATE ON-50% DB TIME IN GC EVENTS"/>
        <bug number="20746251" description="PLACEHOLDER FOR TFA COLLECTOR VERSION 12.1.2.4.0 INCLUSION IS JUL 2015 PSU"/>
        <bug number="20919320" description="NZ/RSA BINARIES ARE MISSING IN 12.1.0.2.2DBPSU"/>
        <bug number="20331945" description="Fix for Bug 20331945"/>
        <bug number="20657441" description="Fix for Bug 20657441"/>
        <bug number="20387265" description="STBH  ORA-600 [CURSOR NOT TYPECHECKED] WAS COMPLETELY FLOOD CONTROLLED (0X6)"/>
        <bug number="20294666" description="INTERMITTENT PROCESS CRASH DUE TO ORA-600 [1113]"/>
        <bug number="19703301" description="ORA-22275  INVALID LOB LOCATOR SPECIFIED FOLLOWING PATCH 14044260 INSTALL"/>
        <bug number="20165574" description="BIGBH LOB SPACE CONSUME +1000% THAN ON 11204"/>
        <bug number="20899461" description="STANDARD EDITION SHOULD HAVE A MAX CPU_COUNT"/>
        <bug number="20558005" description="Fix for Bug 20558005"/>
        <bug number="19399918" description="ROLE TRANSITION FAILS WITH TERMINAL STANDBY AS ALTERNATE OF FAR SYNC"/>
        <bug number="20402832" description="INSTANCE RESTARTED DUE TO  ORA-600 [KCBSTC1_10] ON CKPT"/>
        <bug number="21225209" description="PLACEHOLDER FOR TFA COLLECTOR VERSION 12.1.2.4.0 INCLUSION IN JULY-PSU"/>
        <bug number="19284031" description="ORA-600 [729] WHEN UNIFIED_AUDIT_TRAIL ROW PROCESSING HITS EXCEPTIONS"/>
        <bug number="20474192" description="USE OF UNINITIALIZED VALUE $GSRTINCLUSION IN CONCATENATION (.) OR STRING AT CATC"/>
        <bug number="19699191" description="Fix for Bug 19699191"/>
        <bug number="20093776" description="ORA-7445 [KOKMEOC_CLEAN()+212] ON UPDATE WITH XMLTYPE"/>
        <bug number="19989009" description="Fix for Bug 19989009"/>
    </base_bugs>
    <required_components>
        <component internal_name="oracle.rdbms" version="12.1.0.2.0" opt_req="O"/>
        <component internal_name="oracle.oraolap.dbscripts" version="12.1.0.2.0" opt_req="O"/>
        <component internal_name="oracle.ldap.rsf" version="12.1.0.2.0" opt_req="O"/>
        <component internal_name="oracle.tfa" version="12.1.0.2.0" opt_req="O"/>
        <component internal_name="oracle.rdbms.dbscripts" version="12.1.0.2.0" opt_req="O"/>
        <component internal_name="oracle.rdbms.rsf" version="12.1.0.2.0" opt_req="O"/>
    </required_components>
    <os_platforms>
        <platform name="Linux x86-64" id="226"/>
    </os_platforms>
    <executables>
        <executable path="%ORACLE_HOME%/lib/libclntsh.so.12.1"/>
        <executable path="%ORACLE_HOME%/bin/oracle"/>
    </executables>
    <instance_shutdown>true</instance_shutdown>
    <instance_shutdown_message></instance_shutdown_message>
    <online_rac_installable>true</online_rac_installable>
    <run_as_root>false</run_as_root>
    <sql_migrate>false</sql_migrate>
    <sql_patch>true</sql_patch>
    <sql_patch_database_startup_mode>normal</sql_patch_database_startup_mode>
    <wls_prereq_oneoffs></wls_prereq_oneoffs>
    <prereq_oneoffs>
        <prereq oneoff_id="19769480"/>
        <prereq oneoff_id="20299023"/>
    </prereq_oneoffs>
    <coreq_oneoffs></coreq_oneoffs>
    <overlay_oneoffs>
        <overlay oneoff_id="19769480"/>
        <overlay oneoff_id="20299023"/>
    </overlay_oneoffs>
    <patch_type value="singleton"/>
    <patch_language value="en"/>
    <product_family value="db"/>
    <patching_model value="one-off"/>
    <auto>false</auto>
    <translatable>false</translatable>
    <applicable_product/>
    <products></products>
    <update_components></update_components>
</oneoff_inventory>
