<PurchaseOrder xmlns:xsi="http://www.w3.org/2001/XMLSchema-instance" xsi:noNamespaceSchemaLocation="http://localhost:80/publishedContent/HOL/xsd/purchaseOrder.xsd">
   <Reference>AFRIPP-20150425173427243PDT</Reference>
   <Actions>
      <Action>
         <User>MHARTSTE</User>
      </Action>
   </Actions>
   <Rejection/>
   <Requestor>Adam Fripp</Requestor>
   <User>AFRIPP</User>
   <CostCenter>A50</CostCenter>
   <ShippingInstructions>
      <name>Adam Fripp</name>
      <Address xsi:type="address_US">
      	<street>200 Sporting Green</street>
        <city>South San Francisco</city>
        <state>CA</state>
        <zipCode>99236</zipCode>
        <country>United States of America</country>
     	</Address>
      <telephone>254-544-5522</telephone>
   </ShippingInstructions>
   <SpecialInstructions>Counter to Counter</SpecialInstructions>
   <LineItems>
      <LineItem ItemNumber="1">
         <Part Description="Bulletproof" UnitPrice="19.95">25192027628</Part>
         <Quantity>3.0</Quantity>
      </LineItem>
      <LineItem ItemNumber="2">
         <Part Description="Encyclopedia of the 20th Century: Days That Shook the World, Vol. 3- 1940-1959" UnitPrice="27.95">56775068899</Part>
         <Quantity>4.0</Quantity>
      </LineItem>
      <LineItem ItemNumber="3">
         <Part Description="Three to Tango" UnitPrice="19.95">85391698623</Part>
         <Quantity>5.0</Quantity>
      </LineItem>
      <LineItem ItemNumber="4">
         <Part Description="Horror Collectors" UnitPrice="19.95">12236105381</Part>
         <Quantity>5.0</Quantity>
      </LineItem>
      <LineItem ItemNumber="5">
         <Part Description="Dazed and Confused" UnitPrice="19.95">25192027727</Part>
         <Quantity>7.0</Quantity>
      </LineItem>
   </LineItems>
</PurchaseOrder>

