<PurchaseOrder xmlns:xsi="http://www.w3.org/2001/XMLSchema-instance" xsi:noNamespaceSchemaLocation="http://localhost:80/publishedContent/HOL/xsd/purchaseOrder.xsd">
   <Reference>BEVERETT-20150403155340280PDT</Reference>
   <Actions>
      <Action>
         <User>VJONES</User>
      </Action>
   </Actions>
   <Rejection/>
   <Requestor>Britney Everett</Requestor>
   <User>BEVERETT</User>
   <CostCenter>A50</CostCenter>
   <ShippingInstructions>
      <name>Britney Everett</name>
      <Address xsi:type="address_US">
      	<street>200 Sporting Green</street>
        <city>South San Francisco</city>
        <state>CA</state>
        <zipCode>99236</zipCode>
        <country>United States of America</country>
     	</Address>
      <telephone>589-375-6643</telephone>
   </ShippingInstructions>
   <SpecialInstructions>Counter to Counter</SpecialInstructions>
   <LineItems>
      <LineItem ItemNumber="1">
         <Part Description="Why Dogs Smile and Chimpanzees Cry" UnitPrice="19.95">12236109587</Part>
         <Quantity>7.0</Quantity>
      </LineItem>
      <LineItem ItemNumber="2">
         <Part Description="Space 1999 1" UnitPrice="27.95">733961701487</Part>
         <Quantity>2.0</Quantity>
      </LineItem>
      <LineItem ItemNumber="3">
         <Part Description="True Crime" UnitPrice="19.95">31398701538</Part>
         <Quantity>4.0</Quantity>
      </LineItem>
      <LineItem ItemNumber="4">
         <Part Description="World War II: Volume One" UnitPrice="19.95">56775000196</Part>
         <Quantity>2.0</Quantity>
      </LineItem>
      <LineItem ItemNumber="5">
         <Part Description="Grosse Point &amp; High Fidelity" UnitPrice="32.95">786936161328</Part>
         <Quantity>9.0</Quantity>
      </LineItem>
   </LineItems>
</PurchaseOrder>

