<PurchaseOrder xmlns:xsi="http://www.w3.org/2001/XMLSchema-instance" xsi:noNamespaceSchemaLocation="http://localhost:80/publishedContent/HOL/xsd/purchaseOrder.xsd">
   <Reference>CDAVIES-20150410174937257PDT</Reference>
   <Actions>
      <Action>
         <User>DGRANT</User>
      </Action>
   </Actions>
   <Rejection/>
   <Requestor>Curtis Davies</Requestor>
   <User>CDAVIES</User>
   <CostCenter>A50</CostCenter>
   <ShippingInstructions>
      <name>Curtis Davies</name>
      <Address xsi:type="address_US">
      	<street>200 Sporting Green</street>
        <city>South San Francisco</city>
        <state>CA</state>
        <zipCode>99236</zipCode>
        <country>United States of America</country>
     	</Address>
      <telephone>165-745-4924</telephone>
   </ShippingInstructions>
   <SpecialInstructions>Courier</SpecialInstructions>
   <LineItems>
      <LineItem ItemNumber="1">
         <Part Description="Stripes" UnitPrice="19.95">43396791695</Part>
         <Quantity>4.0</Quantity>
      </LineItem>
      <LineItem ItemNumber="2">
         <Part Description="The Alamo" UnitPrice="19.95">27616855503</Part>
         <Quantity>3.0</Quantity>
      </LineItem>
      <LineItem ItemNumber="3">
         <Part Description="Twilight Zone 2" UnitPrice="19.95">14381898224</Part>
         <Quantity>6.0</Quantity>
      </LineItem>
      <LineItem ItemNumber="4">
         <Part Description="Luther Vandross: Always and Forever" UnitPrice="19.95">74645011998</Part>
         <Quantity>3.0</Quantity>
      </LineItem>
      <LineItem ItemNumber="5">
         <Part Description="Jazz Scene USA: Frank Rosolino and Stan Kenton" UnitPrice="19.95">16351631190</Part>
         <Quantity>5.0</Quantity>
      </LineItem>
   </LineItems>
</PurchaseOrder>

