<PurchaseOrder xmlns:xsi="http://www.w3.org/2001/XMLSchema-instance" xsi:noNamespaceSchemaLocation="http://localhost:80/publishedContent/HOL/xsd/purchaseOrder.xsd">
   <Reference>COLSEN-20150411213016460PDT</Reference>
   <Actions>
      <Action>
         <User>OTUVAULT</User>
      </Action>
   </Actions>
   <Rejection/>
   <Requestor>Christopher Olsen</Requestor>
   <User>COLSEN</User>
   <CostCenter>A80</CostCenter>
   <ShippingInstructions>
      <name>Christopher Olsen</name>
      <Address xsi:type="address_UK">
      	<street>Magdalen Centre, The Isis Science Park</street>
				<city>Oxford</city>
				<county>Oxon.</county>
				<postcode>OX9 9ZB</postcode>
				<country>United Kingdom</country>
			</Address>
      <telephone>34-499-4225</telephone>
   </ShippingInstructions>
   <SpecialInstructions>Courier</SpecialInstructions>
   <LineItems>
      <LineItem ItemNumber="1">
         <Part Description="Fatal Fury: The Motion Picture" UnitPrice="19.95">13023013193</Part>
         <Quantity>6.0</Quantity>
      </LineItem>
      <LineItem ItemNumber="2">
         <Part Description="Blind Fury / Omega Doom" UnitPrice="19.95">43396049192</Part>
         <Quantity>4.0</Quantity>
      </LineItem>
      <LineItem ItemNumber="3">
         <Part Description="South Park 4-6" UnitPrice="19.95">85393681029</Part>
         <Quantity>2.0</Quantity>
      </LineItem>
      <LineItem ItemNumber="4">
         <Part Description="The Dreamlife Of Angels" UnitPrice="19.95">43396040120</Part>
         <Quantity>1.0</Quantity>
      </LineItem>
      <LineItem ItemNumber="5">
         <Part Description="Ninja Scroll" UnitPrice="19.95">44004761123</Part>
         <Quantity>7.0</Quantity>
      </LineItem>
      <LineItem ItemNumber="6">
         <Part Description="Mr. Accident" UnitPrice="19.95">27616857637</Part>
         <Quantity>8.0</Quantity>
      </LineItem>
   </LineItems>
</PurchaseOrder>

