<PurchaseOrder xmlns:xsi="http://www.w3.org/2001/XMLSchema-instance" xsi:noNamespaceSchemaLocation="http://localhost:80/publishedContent/HOL/xsd/purchaseOrder.xsd">
   <Reference>COLSEN-20150427204442352PDT</Reference>
   <Actions>
      <Action>
         <User>OTUVAULT</User>
      </Action>
   </Actions>
   <Rejection/>
   <Requestor>Christopher Olsen</Requestor>
   <User>COLSEN</User>
   <CostCenter>A80</CostCenter>
   <ShippingInstructions>
      <name>Christopher Olsen</name>
      <Address xsi:type="address_UK">
      	<street>Magdalen Centre, The Isis Science Park</street>
				<city>Oxford</city>
				<county>Oxon.</county>
				<postcode>OX9 9ZB</postcode>
				<country>United Kingdom</country>
			</Address>
      <telephone>290-151-7129</telephone>
   </ShippingInstructions>
   <SpecialInstructions>Air Mail</SpecialInstructions>
   <LineItems>
      <LineItem ItemNumber="1">
         <Part Description="Condorman" UnitPrice="19.95">13131082395</Part>
         <Quantity>8.0</Quantity>
      </LineItem>
      <LineItem ItemNumber="2">
         <Part Description="The Magnificent Seven" UnitPrice="19.95">27616861078</Part>
         <Quantity>6.0</Quantity>
      </LineItem>
      <LineItem ItemNumber="3">
         <Part Description="Theatre of Blood" UnitPrice="19.95">27616865663</Part>
         <Quantity>7.0</Quantity>
      </LineItem>
      <LineItem ItemNumber="4">
         <Part Description="When Trumpets Fade" UnitPrice="19.95">26359148026</Part>
         <Quantity>7.0</Quantity>
      </LineItem>
      <LineItem ItemNumber="5">
         <Part Description="Dude, Where's My Car?" UnitPrice="19.95">24543017936</Part>
         <Quantity>7.0</Quantity>
      </LineItem>
   </LineItems>
</PurchaseOrder>

