<PurchaseOrder xmlns:xsi="http://www.w3.org/2001/XMLSchema-instance" xsi:noNamespaceSchemaLocation="http://localhost:80/publishedContent/HOL/xsd/purchaseOrder.xsd">
   <Reference>DAUSTIN-2015042916174984PDT</Reference>
   <Actions>
      <Action>
         <User>DLORENTZ</User>
      </Action>
   </Actions>
   <Rejection/>
   <Requestor>David Austin</Requestor>
   <User>DAUSTIN</User>
   <CostCenter>A60</CostCenter>
   <ShippingInstructions>
      <name>David Austin</name>
      <Address xsi:type="address_US">
      	<street>2014 Oxford Rd</street>
        <city>Southlake,</city>
        <state>TX</state>
        <zipCode>26192</zipCode>
        <country>United States of America</country>
     	</Address>
      <telephone>643-942-4880</telephone>
   </ShippingInstructions>
   <SpecialInstructions>Hand Carry</SpecialInstructions>
   <LineItems>
      <LineItem ItemNumber="1">
         <Part Description="Laurel &amp; Hardy" UnitPrice="19.95">56775037192</Part>
         <Quantity>3.0</Quantity>
      </LineItem>
      <LineItem ItemNumber="2">
         <Part Description="Alfred Hitchcock Collection" UnitPrice="19.95">56775002596</Part>
         <Quantity>2.0</Quantity>
      </LineItem>
      <LineItem ItemNumber="3">
         <Part Description="The Reggae Movie" UnitPrice="19.95">13023004597</Part>
         <Quantity>1.0</Quantity>
      </LineItem>
      <LineItem ItemNumber="4">
         <Part Description="The Stand" UnitPrice="27.95">17153105179</Part>
         <Quantity>3.0</Quantity>
      </LineItem>
   </LineItems>
</PurchaseOrder>

