<PurchaseOrder xmlns:xsi="http://www.w3.org/2001/XMLSchema-instance" xsi:noNamespaceSchemaLocation="http://localhost:80/publishedContent/HOL/xsd/purchaseOrder.xsd">
   <Reference>DBERNSTE-20150427202452121PDT</Reference>
   <Actions>
      <Action>
         <User>OTUVAULT</User>
      </Action>
   </Actions>
   <Rejection/>
   <Requestor>David Bernstein</Requestor>
   <User>DBERNSTE</User>
   <CostCenter>A80</CostCenter>
   <ShippingInstructions>
      <name>David Bernstein</name>
      <Address xsi:type="address_UK">
      	<street>Magdalen Centre, The Isis Science Park</street>
				<city>Oxford</city>
				<county>Oxon.</county>
				<postcode>OX9 9ZB</postcode>
				<country>United Kingdom</country>
			</Address>
      <telephone>808-601-6507</telephone>
   </ShippingInstructions>
   <SpecialInstructions>Surface Mail</SpecialInstructions>
   <LineItems>
      <LineItem ItemNumber="1">
         <Part Description="The Adventures of Pinocchio" UnitPrice="19.95">794043443824</Part>
         <Quantity>9.0</Quantity>
      </LineItem>
      <LineItem ItemNumber="2">
         <Part Description="Learning Guitar For Dummies" UnitPrice="27.95">13131204193</Part>
         <Quantity>4.0</Quantity>
      </LineItem>
      <LineItem ItemNumber="3">
         <Part Description="Jade" UnitPrice="19.95">97363298670</Part>
         <Quantity>5.0</Quantity>
      </LineItem>
      <LineItem ItemNumber="4">
         <Part Description="The Chamber" UnitPrice="19.95">25192026829</Part>
         <Quantity>8.0</Quantity>
      </LineItem>
      <LineItem ItemNumber="5">
         <Part Description="Dead Man's Walk" UnitPrice="27.95">707729113751</Part>
         <Quantity>6.0</Quantity>
      </LineItem>
   </LineItems>
</PurchaseOrder>

