<PurchaseOrder xmlns:xsi="http://www.w3.org/2001/XMLSchema-instance" xsi:noNamespaceSchemaLocation="http://localhost:80/publishedContent/HOL/xsd/purchaseOrder.xsd">
   <Reference>DFAVIET-20150402151236156PDT</Reference>
   <Actions>
      <Action>
         <User>LPOPP</User>
      </Action>
   </Actions>
   <Rejection/>
   <Requestor>Daniel Faviet</Requestor>
   <User>DFAVIET</User>
   <CostCenter>A100</CostCenter>
   <ShippingInstructions>
      <name>Daniel Faviet</name>
      <Address xsi:type="address_US">
        <street>2004 Blacksmiths Court</street>
				<city>Seattle</city>
				<state>WA</state>
				<zipCode>98199</zipCode>
				<country>United States of America</country>
		  </Address>
      <telephone>523-708-7019</telephone>
   </ShippingInstructions>
   <SpecialInstructions>Hand Carry</SpecialInstructions>
   <LineItems>
      <LineItem ItemNumber="1">
         <Part Description="Total Recall" UnitPrice="19.95">12236119579</Part>
         <Quantity>1.0</Quantity>
      </LineItem>
      <LineItem ItemNumber="2">
         <Part Description="Sleeper" UnitPrice="19.95">27616850157</Part>
         <Quantity>7.0</Quantity>
      </LineItem>
      <LineItem ItemNumber="3">
         <Part Description="Sister Act 2: Back in the Habit" UnitPrice="19.95">717951003355</Part>
         <Quantity>1.0</Quantity>
      </LineItem>
      <LineItem ItemNumber="4">
         <Part Description="Storm Chasers: Revenge of the Twister" UnitPrice="19.95">13023035799</Part>
         <Quantity>3.0</Quantity>
      </LineItem>
      <LineItem ItemNumber="5">
         <Part Description="Pokemon: Po-Ke Corral" UnitPrice="19.95">13023048393</Part>
         <Quantity>2.0</Quantity>
      </LineItem>
      <LineItem ItemNumber="6">
         <Part Description="Splash" UnitPrice="19.95">717951001610</Part>
         <Quantity>3.0</Quantity>
      </LineItem>
      <LineItem ItemNumber="7">
         <Part Description="The Standard Deviants: Pre-Algebra, Part 1" UnitPrice="27.95">631865000821</Part>
         <Quantity>6.0</Quantity>
      </LineItem>
   </LineItems>
</PurchaseOrder>

