<PurchaseOrder xmlns:xsi="http://www.w3.org/2001/XMLSchema-instance" xsi:noNamespaceSchemaLocation="http://localhost:80/publishedContent/HOL/xsd/purchaseOrder.xsd">
   <Reference>DGRANT-20150409163237781PDT</Reference>
   <Actions>
      <Action>
         <User>DGRANT</User>
      </Action>
   </Actions>
   <Rejection/>
   <Requestor>Douglas Grant</Requestor>
   <User>DGRANT</User>
   <CostCenter>A50</CostCenter>
   <ShippingInstructions>
      <name>Douglas Grant</name>
      <Address xsi:type="address_US">
      	<street>200 Sporting Green</street>
        <city>South San Francisco</city>
        <state>CA</state>
        <zipCode>99236</zipCode>
        <country>United States of America</country>
     	</Address>
      <telephone>694-981-9478</telephone>
   </ShippingInstructions>
   <SpecialInstructions>Ground</SpecialInstructions>
   <LineItems>
      <LineItem ItemNumber="1">
         <Part Description="Twilight Zone 40" UnitPrice="19.95">14381895728</Part>
         <Quantity>9.0</Quantity>
      </LineItem>
      <LineItem ItemNumber="2">
         <Part Description="A Simple Plan" UnitPrice="19.95">97363337676</Part>
         <Quantity>9.0</Quantity>
      </LineItem>
      <LineItem ItemNumber="3">
         <Part Description="Blast from the Past" UnitPrice="19.95">794043475122</Part>
         <Quantity>1.0</Quantity>
      </LineItem>
   </LineItems>
</PurchaseOrder>

