<PurchaseOrder xmlns:xsi="http://www.w3.org/2001/XMLSchema-instance" xsi:noNamespaceSchemaLocation="http://localhost:80/publishedContent/HOL/xsd/purchaseOrder.xsd">
   <Reference>DGRANT-20150415180151914PDT</Reference>
   <Actions>
      <Action>
         <User>DGRANT</User>
      </Action>
   </Actions>
   <Rejection/>
   <Requestor>Douglas Grant</Requestor>
   <User>DGRANT</User>
   <CostCenter>A50</CostCenter>
   <ShippingInstructions>
      <name>Douglas Grant</name>
      <Address xsi:type="address_US">
      	<street>200 Sporting Green</street>
        <city>South San Francisco</city>
        <state>CA</state>
        <zipCode>99236</zipCode>
        <country>United States of America</country>
     	</Address>
      <telephone>986-839-7251</telephone>
   </ShippingInstructions>
   <SpecialInstructions>Air Mail</SpecialInstructions>
   <LineItems>
      <LineItem ItemNumber="1">
         <Part Description="Underneath / Village Of Damned" UnitPrice="19.95">25192145827</Part>
         <Quantity>5.0</Quantity>
      </LineItem>
      <LineItem ItemNumber="2">
         <Part Description="Great Events Of Our Century: Legacy / Into Unknown" UnitPrice="19.95">56775042196</Part>
         <Quantity>6.0</Quantity>
      </LineItem>
      <LineItem ItemNumber="3">
         <Part Description="Standard Deviants: Pre-Algebra 1 / 2" UnitPrice="27.95">631865005529</Part>
         <Quantity>5.0</Quantity>
      </LineItem>
      <LineItem ItemNumber="4">
         <Part Description="Gotti" UnitPrice="19.95">26359128622</Part>
         <Quantity>1.0</Quantity>
      </LineItem>
      <LineItem ItemNumber="5">
         <Part Description="Land of the Mammoth" UnitPrice="19.95">12236117179</Part>
         <Quantity>4.0</Quantity>
      </LineItem>
      <LineItem ItemNumber="6">
         <Part Description="Playing God" UnitPrice="19.95">717951000422</Part>
         <Quantity>6.0</Quantity>
      </LineItem>
      <LineItem ItemNumber="7">
         <Part Description="Flashfire" UnitPrice="19.95">31398704737</Part>
         <Quantity>9.0</Quantity>
      </LineItem>
   </LineItems>
</PurchaseOrder>

