<PurchaseOrder xmlns:xsi="http://www.w3.org/2001/XMLSchema-instance" xsi:noNamespaceSchemaLocation="http://localhost:80/publishedContent/HOL/xsd/purchaseOrder.xsd">
   <Reference>DLORENTZ-2015042922031647PDT</Reference>
   <Actions>
      <Action>
         <User>DLORENTZ</User>
      </Action>
   </Actions>
   <Rejection/>
   <Requestor>Diana Lorentz</Requestor>
   <User>DLORENTZ</User>
   <CostCenter>A60</CostCenter>
   <ShippingInstructions>
      <name>Diana Lorentz</name>
      <Address xsi:type="address_US">
      	<street>2014 Oxford Rd</street>
        <city>Southlake,</city>
        <state>TX</state>
        <zipCode>26192</zipCode>
        <country>United States of America</country>
     	</Address>
      <telephone>633-20-3895</telephone>
   </ShippingInstructions>
   <SpecialInstructions>Ground</SpecialInstructions>
   <LineItems>
      <LineItem ItemNumber="1">
         <Part Description="Picnic" UnitPrice="19.95">43396828797</Part>
         <Quantity>5.0</Quantity>
      </LineItem>
      <LineItem ItemNumber="2">
         <Part Description="Star Trek 24: Obsession / Immunity" UnitPrice="19.95">97366002441</Part>
         <Quantity>9.0</Quantity>
      </LineItem>
      <LineItem ItemNumber="3">
         <Part Description="Gotti" UnitPrice="19.95">26359128622</Part>
         <Quantity>2.0</Quantity>
      </LineItem>
      <LineItem ItemNumber="4">
         <Part Description="10 Things I Hate About You" UnitPrice="19.95">717951004208</Part>
         <Quantity>9.0</Quantity>
      </LineItem>
      <LineItem ItemNumber="5">
         <Part Description="Topsy-Turvy" UnitPrice="19.95">696306001928</Part>
         <Quantity>3.0</Quantity>
      </LineItem>
      <LineItem ItemNumber="6">
         <Part Description="Portrait of Jennie" UnitPrice="19.95">13131126891</Part>
         <Quantity>6.0</Quantity>
      </LineItem>
   </LineItems>
</PurchaseOrder>

