<PurchaseOrder xmlns:xsi="http://www.w3.org/2001/XMLSchema-instance" xsi:noNamespaceSchemaLocation="http://localhost:80/publishedContent/HOL/xsd/purchaseOrder.xsd">
   <Reference>DLORENTZ-20150419164109261PDT</Reference>
   <Actions>
      <Action>
         <User>DLORENTZ</User>
      </Action>
   </Actions>
   <Rejection/>
   <Requestor>Diana Lorentz</Requestor>
   <User>DLORENTZ</User>
   <CostCenter>A60</CostCenter>
   <ShippingInstructions>
      <name>Diana Lorentz</name>
      <Address xsi:type="address_US">
      	<street>2014 Oxford Rd</street>
        <city>Southlake,</city>
        <state>TX</state>
        <zipCode>26192</zipCode>
        <country>United States of America</country>
     	</Address>
      <telephone>780-33-5532</telephone>
   </ShippingInstructions>
   <SpecialInstructions>Surface Mail</SpecialInstructions>
   <LineItems>
      <LineItem ItemNumber="1">
         <Part Description="Cape Fear" UnitPrice="19.95">25192063428</Part>
         <Quantity>9.0</Quantity>
      </LineItem>
      <LineItem ItemNumber="2">
         <Part Description="Sharpe's Eagle" UnitPrice="19.95">66805915802</Part>
         <Quantity>2.0</Quantity>
      </LineItem>
      <LineItem ItemNumber="3">
         <Part Description="Toys" UnitPrice="27.95">24543020530</Part>
         <Quantity>5.0</Quantity>
      </LineItem>
      <LineItem ItemNumber="4">
         <Part Description="The Lawnmower Man" UnitPrice="19.95">794043409226</Part>
         <Quantity>7.0</Quantity>
      </LineItem>
      <LineItem ItemNumber="5">
         <Part Description="Celia Cruz: Quantanamera" UnitPrice="19.95">13023007192</Part>
         <Quantity>8.0</Quantity>
      </LineItem>
   </LineItems>
</PurchaseOrder>

