<PurchaseOrder xmlns:xsi="http://www.w3.org/2001/XMLSchema-instance" xsi:noNamespaceSchemaLocation="http://localhost:80/publishedContent/HOL/xsd/purchaseOrder.xsd">
   <Reference>DOCONNEL-2015040813493379PDT</Reference>
   <Actions>
      <Action>
         <User>DGRANT</User>
      </Action>
   </Actions>
   <Rejection/>
   <Requestor>Donald OConnell</Requestor>
   <User>DOCONNEL</User>
   <CostCenter>A50</CostCenter>
   <ShippingInstructions>
      <name>Donald OConnell</name>
      <Address xsi:type="address_US">
      	<street>200 Sporting Green</street>
        <city>South San Francisco</city>
        <state>CA</state>
        <zipCode>99236</zipCode>
        <country>United States of America</country>
     	</Address>
      <telephone>79-210-6615</telephone>
   </ShippingInstructions>
   <SpecialInstructions>Ground</SpecialInstructions>
   <LineItems>
      <LineItem ItemNumber="1">
         <Part Description="Riders of Destiny / Star Packer" UnitPrice="19.95">56775002190</Part>
         <Quantity>4.0</Quantity>
      </LineItem>
      <LineItem ItemNumber="2">
         <Part Description="Short 5: Diversity" UnitPrice="19.95">85393679828</Part>
         <Quantity>8.0</Quantity>
      </LineItem>
      <LineItem ItemNumber="3">
         <Part Description="Raging Bull" UnitPrice="19.95">27616604095</Part>
         <Quantity>3.0</Quantity>
      </LineItem>
      <LineItem ItemNumber="4">
         <Part Description="The Yards" UnitPrice="19.95">717951004666</Part>
         <Quantity>4.0</Quantity>
      </LineItem>
      <LineItem ItemNumber="5">
         <Part Description="The Watcher" UnitPrice="19.95">25192113727</Part>
         <Quantity>4.0</Quantity>
      </LineItem>
      <LineItem ItemNumber="6">
         <Part Description="My Dog Skip" UnitPrice="19.95">85391828624</Part>
         <Quantity>3.0</Quantity>
      </LineItem>
      <LineItem ItemNumber="7">
         <Part Description="The Unidentified Flying Oddball" UnitPrice="19.95">13131073492</Part>
         <Quantity>4.0</Quantity>
      </LineItem>
   </LineItems>
</PurchaseOrder>

