<PurchaseOrder xmlns:xsi="http://www.w3.org/2001/XMLSchema-instance" xsi:noNamespaceSchemaLocation="http://localhost:80/publishedContent/HOL/xsd/purchaseOrder.xsd">
   <Reference>DRAPHEAL-2015040314114193PDT</Reference>
   <Actions>
      <Action>
         <User>MHARTSTE</User>
      </Action>
   </Actions>
   <Rejection/>
   <Requestor>Den Raphaely</Requestor>
   <User>DRAPHEAL</User>
   <CostCenter>A30</CostCenter>
   <ShippingInstructions>
      <name>Den Raphaely</name>
      <Address xsi:type="address_US">
        <street>2004 Blacksmiths Court</street>
				<city>Seattle</city>
				<state>WA</state>
				<zipCode>98199</zipCode>
				<country>United States of America</country>
		  </Address>
      <telephone>653-861-2761</telephone>
   </ShippingInstructions>
   <SpecialInstructions>Ground</SpecialInstructions>
   <LineItems>
      <LineItem ItemNumber="1">
         <Part Description="Life-Size" UnitPrice="19.95">717951008565</Part>
         <Quantity>1.0</Quantity>
      </LineItem>
      <LineItem ItemNumber="2">
         <Part Description="The Big Red One" UnitPrice="19.95">12569093928</Part>
         <Quantity>9.0</Quantity>
      </LineItem>
      <LineItem ItemNumber="3">
         <Part Description="Tales of Terror" UnitPrice="19.95">27616852939</Part>
         <Quantity>5.0</Quantity>
      </LineItem>
      <LineItem ItemNumber="4">
         <Part Description="Skeletons in the Closet" UnitPrice="19.95">12236119371</Part>
         <Quantity>6.0</Quantity>
      </LineItem>
   </LineItems>
</PurchaseOrder>

