<PurchaseOrder xmlns:xsi="http://www.w3.org/2001/XMLSchema-instance" xsi:noNamespaceSchemaLocation="http://localhost:80/publishedContent/HOL/xsd/purchaseOrder.xsd">
   <Reference>EABEL-20150403220039386PDT</Reference>
   <Actions>
      <Action>
         <User>CJOHNSON</User>
      </Action>
   </Actions>
   <Rejection/>
   <Requestor>Ellen Abel</Requestor>
   <User>EABEL</User>
   <CostCenter>A80</CostCenter>
   <ShippingInstructions>
      <name>Ellen Abel</name>
      <Address xsi:type="address_UK">
      	<street>Magdalen Centre, The Isis Science Park</street>
				<city>Oxford</city>
				<county>Oxon.</county>
				<postcode>OX9 9ZB</postcode>
				<country>United Kingdom</country>
			</Address>
      <telephone>776-254-4600</telephone>
   </ShippingInstructions>
   <SpecialInstructions>Priority Overnight</SpecialInstructions>
   <LineItems>
      <LineItem ItemNumber="1">
         <Part Description="Tom Sawyer" UnitPrice="19.95">66479101723</Part>
         <Quantity>5.0</Quantity>
      </LineItem>
      <LineItem ItemNumber="2">
         <Part Description="The Shawshank Redemption" UnitPrice="19.95">53939258325</Part>
         <Quantity>9.0</Quantity>
      </LineItem>
      <LineItem ItemNumber="3">
         <Part Description="The Natural" UnitPrice="19.95">43396046092</Part>
         <Quantity>6.0</Quantity>
      </LineItem>
   </LineItems>
</PurchaseOrder>

