<PurchaseOrder xmlns:xsi="http://www.w3.org/2001/XMLSchema-instance" xsi:noNamespaceSchemaLocation="http://localhost:80/publishedContent/HOL/xsd/purchaseOrder.xsd">
   <Reference>EABEL-20150409122225936PDT</Reference>
   <Actions>
      <Action>
         <User>CJOHNSON</User>
      </Action>
   </Actions>
   <Rejection/>
   <Requestor>Ellen Abel</Requestor>
   <User>EABEL</User>
   <CostCenter>A80</CostCenter>
   <ShippingInstructions>
      <name>Ellen Abel</name>
      <Address xsi:type="address_UK">
      	<street>Magdalen Centre, The Isis Science Park</street>
				<city>Oxford</city>
				<county>Oxon.</county>
				<postcode>OX9 9ZB</postcode>
				<country>United Kingdom</country>
			</Address>
      <telephone>117-122-9327</telephone>
   </ShippingInstructions>
   <SpecialInstructions>Surface Mail</SpecialInstructions>
   <LineItems>
      <LineItem ItemNumber="1">
         <Part Description="Brother Cadfael: The Devil`s Novice" UnitPrice="19.95">54961405398</Part>
         <Quantity>8.0</Quantity>
      </LineItem>
      <LineItem ItemNumber="2">
         <Part Description="Standard Deviants: Space &amp; Science / Instr" UnitPrice="27.95">631865003228</Part>
         <Quantity>9.0</Quantity>
      </LineItem>
      <LineItem ItemNumber="3">
         <Part Description="NBA: Upsets and Underdogs" UnitPrice="19.95">696306009320</Part>
         <Quantity>1.0</Quantity>
      </LineItem>
   </LineItems>
</PurchaseOrder>

