<PurchaseOrder xmlns:xsi="http://www.w3.org/2001/XMLSchema-instance" xsi:noNamespaceSchemaLocation="http://localhost:80/publishedContent/HOL/xsd/purchaseOrder.xsd">
   <Reference>EBATES-20150405145546249PDT</Reference>
   <Actions>
      <Action>
         <User>SKUMAR</User>
      </Action>
   </Actions>
   <Rejection/>
   <Requestor>Elizabeth Bates</Requestor>
   <User>EBATES</User>
   <CostCenter>A80</CostCenter>
   <ShippingInstructions>
      <name>Elizabeth Bates</name>
      <Address xsi:type="address_UK">
      	<street>Magdalen Centre, The Isis Science Park</street>
				<city>Oxford</city>
				<county>Oxon.</county>
				<postcode>OX9 9ZB</postcode>
				<country>United Kingdom</country>
			</Address>
      <telephone>989-237-5632</telephone>
   </ShippingInstructions>
   <SpecialInstructions>Hand Carry</SpecialInstructions>
   <LineItems>
      <LineItem ItemNumber="1">
         <Part Description="Sinbad and the Eye of the Tiger" UnitPrice="19.95">43396044692</Part>
         <Quantity>9.0</Quantity>
      </LineItem>
      <LineItem ItemNumber="2">
         <Part Description="One Day in September" UnitPrice="19.95">43396063587</Part>
         <Quantity>6.0</Quantity>
      </LineItem>
      <LineItem ItemNumber="3">
         <Part Description="A Tribute To Stevie Ray Vaughan" UnitPrice="19.95">74645014494</Part>
         <Quantity>3.0</Quantity>
      </LineItem>
      <LineItem ItemNumber="4">
         <Part Description="Backtrack" UnitPrice="19.95">12236117117</Part>
         <Quantity>9.0</Quantity>
      </LineItem>
      <LineItem ItemNumber="5">
         <Part Description="The Car" UnitPrice="19.95">13131086690</Part>
         <Quantity>4.0</Quantity>
      </LineItem>
      <LineItem ItemNumber="6">
         <Part Description="Ricochet &amp; Rosewood" UnitPrice="32.95">85392626922</Part>
         <Quantity>6.0</Quantity>
      </LineItem>
   </LineItems>
</PurchaseOrder>

