<PurchaseOrder xmlns:xsi="http://www.w3.org/2001/XMLSchema-instance" xsi:noNamespaceSchemaLocation="http://localhost:80/publishedContent/HOL/xsd/purchaseOrder.xsd">
   <Reference>EZLOTKEY-20150427140324426PDT</Reference>
   <Actions>
      <Action>
         <User>MHARTSTE</User>
      </Action>
   </Actions>
   <Rejection/>
   <Requestor>Eleni Zlotkey</Requestor>
   <User>EZLOTKEY</User>
   <CostCenter>A80</CostCenter>
   <ShippingInstructions>
      <name>Eleni Zlotkey</name>
      <Address xsi:type="address_UK">
      	<street>Magdalen Centre, The Isis Science Park</street>
				<city>Oxford</city>
				<county>Oxon.</county>
				<postcode>OX9 9ZB</postcode>
				<country>United Kingdom</country>
			</Address>
      <telephone>534-848-984</telephone>
   </ShippingInstructions>
   <SpecialInstructions>Hand Carry</SpecialInstructions>
   <LineItems>
      <LineItem ItemNumber="1">
         <Part Description="Smokey and the Bandit" UnitPrice="19.95">25192041129</Part>
         <Quantity>6.0</Quantity>
      </LineItem>
      <LineItem ItemNumber="2">
         <Part Description="Kingpin" UnitPrice="19.95">27616627520</Part>
         <Quantity>1.0</Quantity>
      </LineItem>
      <LineItem ItemNumber="3">
         <Part Description="Desperately Seeking Susan" UnitPrice="19.95">27616850799</Part>
         <Quantity>9.0</Quantity>
      </LineItem>
      <LineItem ItemNumber="4">
         <Part Description="Beverly Hills Ninja" UnitPrice="19.95">43396039506</Part>
         <Quantity>9.0</Quantity>
      </LineItem>
      <LineItem ItemNumber="5">
         <Part Description="Oklahoma!" UnitPrice="19.95">86162108655</Part>
         <Quantity>4.0</Quantity>
      </LineItem>
      <LineItem ItemNumber="6">
         <Part Description="The Standard Deviants: American Government, Part 1" UnitPrice="27.95">631865001224</Part>
         <Quantity>7.0</Quantity>
      </LineItem>
   </LineItems>
</PurchaseOrder>

