<PurchaseOrder xmlns:xsi="http://www.w3.org/2001/XMLSchema-instance" xsi:noNamespaceSchemaLocation="http://localhost:80/publishedContent/HOL/xsd/purchaseOrder.xsd">
   <Reference>GCAMBRAU-20150401213809575PDT</Reference>
   <Actions>
      <Action>
         <User>MHARTSTE</User>
      </Action>
   </Actions>
   <Rejection/>
   <Requestor>Gerald Cambrault</Requestor>
   <User>GCAMBRAU</User>
   <CostCenter>A80</CostCenter>
   <ShippingInstructions>
      <name>Gerald Cambrault</name>
      <Address xsi:type="address_UK">
      	<street>Magdalen Centre, The Isis Science Park</street>
				<city>Oxford</city>
				<county>Oxon.</county>
				<postcode>OX9 9ZB</postcode>
				<country>United Kingdom</country>
			</Address>
      <telephone>198-937-1668</telephone>
   </ShippingInstructions>
   <SpecialInstructions>Surface Mail</SpecialInstructions>
   <LineItems>
      <LineItem ItemNumber="1">
         <Part Description="Dr. Dolittle 2" UnitPrice="32.95">24543026679</Part>
         <Quantity>1.0</Quantity>
      </LineItem>
      <LineItem ItemNumber="2">
         <Part Description="Telling You" UnitPrice="19.95">717951009760</Part>
         <Quantity>5.0</Quantity>
      </LineItem>
      <LineItem ItemNumber="3">
         <Part Description="Godspell" UnitPrice="19.95">43396224193</Part>
         <Quantity>6.0</Quantity>
      </LineItem>
   </LineItems>
</PurchaseOrder>

