<PurchaseOrder xmlns:xsi="http://www.w3.org/2001/XMLSchema-instance" xsi:noNamespaceSchemaLocation="http://localhost:80/publishedContent/HOL/xsd/purchaseOrder.xsd">
   <Reference>GGEONI-20150411192824115PDT</Reference>
   <Actions>
      <Action>
         <User>GGEONI</User>
      </Action>
   </Actions>
   <Rejection/>
   <Requestor>Girard Geoni</Requestor>
   <User>GGEONI</User>
   <CostCenter>A50</CostCenter>
   <ShippingInstructions>
      <name>Girard Geoni</name>
      <Address xsi:type="address_US">
      	<street>200 Sporting Green</street>
        <city>South San Francisco</city>
        <state>CA</state>
        <zipCode>99236</zipCode>
        <country>United States of America</country>
     	</Address>
      <telephone>53-846-6691</telephone>
   </ShippingInstructions>
   <SpecialInstructions>Priority Overnight</SpecialInstructions>
   <LineItems>
      <LineItem ItemNumber="1">
         <Part Description="The Flying Deuces" UnitPrice="19.95">56775034894</Part>
         <Quantity>8.0</Quantity>
      </LineItem>
      <LineItem ItemNumber="2">
         <Part Description="Three Stooges 2" UnitPrice="27.95">56775022891</Part>
         <Quantity>4.0</Quantity>
      </LineItem>
      <LineItem ItemNumber="3">
         <Part Description="Tail Lights Fade" UnitPrice="19.95">31398728023</Part>
         <Quantity>6.0</Quantity>
      </LineItem>
      <LineItem ItemNumber="4">
         <Part Description="The Wild One" UnitPrice="27.95">43396062399</Part>
         <Quantity>4.0</Quantity>
      </LineItem>
   </LineItems>
</PurchaseOrder>

