<PurchaseOrder xmlns:xsi="http://www.w3.org/2001/XMLSchema-instance" xsi:noNamespaceSchemaLocation="http://localhost:80/publishedContent/HOL/xsd/purchaseOrder.xsd">
   <Reference>GGEONI-20150426120920772PDT</Reference>
   <Actions>
      <Action>
         <User>GGEONI</User>
      </Action>
   </Actions>
   <Rejection/>
   <Requestor>Girard Geoni</Requestor>
   <User>GGEONI</User>
   <CostCenter>A50</CostCenter>
   <ShippingInstructions>
      <name>Girard Geoni</name>
      <Address xsi:type="address_US">
      	<street>200 Sporting Green</street>
        <city>South San Francisco</city>
        <state>CA</state>
        <zipCode>99236</zipCode>
        <country>United States of America</country>
     	</Address>
      <telephone>146-952-7792</telephone>
   </ShippingInstructions>
   <SpecialInstructions>Surface Mail</SpecialInstructions>
   <LineItems>
      <LineItem ItemNumber="1">
         <Part Description="Tex Mex: Music Of The Texas-Mexican Borderlands" UnitPrice="19.95">16351120694</Part>
         <Quantity>8.0</Quantity>
      </LineItem>
      <LineItem ItemNumber="2">
         <Part Description="As Good As It Gets" UnitPrice="19.95">43396217096</Part>
         <Quantity>6.0</Quantity>
      </LineItem>
      <LineItem ItemNumber="3">
         <Part Description="Dracula" UnitPrice="19.95">25192032424</Part>
         <Quantity>2.0</Quantity>
      </LineItem>
      <LineItem ItemNumber="4">
         <Part Description="X-Men: Sanctuary 1 &amp; 2 &amp; Proteus 1 &amp; 2 &amp; / Animat" UnitPrice="19.95">25192136726</Part>
         <Quantity>2.0</Quantity>
      </LineItem>
      <LineItem ItemNumber="5">
         <Part Description="Sugar Ray: No Cerveza No Trabaja" UnitPrice="19.95">85365310223</Part>
         <Quantity>2.0</Quantity>
      </LineItem>
   </LineItems>
</PurchaseOrder>

