<PurchaseOrder xmlns:xsi="http://www.w3.org/2001/XMLSchema-instance" xsi:noNamespaceSchemaLocation="http://localhost:80/publishedContent/HOL/xsd/purchaseOrder.xsd">
   <Reference>GHIMURO-20150402165733554PDT</Reference>
   <Actions>
      <Action>
         <User>KCOLMENA</User>
      </Action>
   </Actions>
   <Rejection/>
   <Requestor>Guy Himuro</Requestor>
   <User>GHIMURO</User>
   <CostCenter>A30</CostCenter>
   <ShippingInstructions>
      <name>Guy Himuro</name>
      <Address xsi:type="address_US">
        <street>2004 Blacksmiths Court</street>
				<city>Seattle</city>
				<state>WA</state>
				<zipCode>98199</zipCode>
				<country>United States of America</country>
		  </Address>
      <telephone>640-310-333</telephone>
   </ShippingInstructions>
   <SpecialInstructions>Ground</SpecialInstructions>
   <LineItems>
      <LineItem ItemNumber="1">
         <Part Description="Winning" UnitPrice="19.95">25192052620</Part>
         <Quantity>5.0</Quantity>
      </LineItem>
      <LineItem ItemNumber="2">
         <Part Description="First Knight" UnitPrice="27.95">43396711792</Part>
         <Quantity>6.0</Quantity>
      </LineItem>
      <LineItem ItemNumber="3">
         <Part Description="Office Space" UnitPrice="19.95">86162118456</Part>
         <Quantity>3.0</Quantity>
      </LineItem>
      <LineItem ItemNumber="4">
         <Part Description="That's The Way I Like It" UnitPrice="19.95">717951004703</Part>
         <Quantity>4.0</Quantity>
      </LineItem>
      <LineItem ItemNumber="5">
         <Part Description="Dawn Rider &amp; Trail Beyond" UnitPrice="19.95">56775002299</Part>
         <Quantity>3.0</Quantity>
      </LineItem>
   </LineItems>
</PurchaseOrder>

