<PurchaseOrder xmlns:xsi="http://www.w3.org/2001/XMLSchema-instance" xsi:noNamespaceSchemaLocation="http://localhost:80/publishedContent/HOL/xsd/purchaseOrder.xsd">
   <Reference>GHIMURO-20150408163741224PDT</Reference>
   <Actions>
      <Action>
         <User>KCOLMENA</User>
      </Action>
   </Actions>
   <Rejection/>
   <Requestor>Guy Himuro</Requestor>
   <User>GHIMURO</User>
   <CostCenter>A30</CostCenter>
   <ShippingInstructions>
      <name>Guy Himuro</name>
      <Address xsi:type="address_US">
        <street>2004 Blacksmiths Court</street>
				<city>Seattle</city>
				<state>WA</state>
				<zipCode>98199</zipCode>
				<country>United States of America</country>
		  </Address>
      <telephone>73-889-808</telephone>
   </ShippingInstructions>
   <SpecialInstructions>Ground</SpecialInstructions>
   <LineItems>
      <LineItem ItemNumber="1">
         <Part Description="Mickey's Magical Christmas: Snowed in at the House" UnitPrice="27.95">786936157000</Part>
         <Quantity>5.0</Quantity>
      </LineItem>
      <LineItem ItemNumber="2">
         <Part Description="Classic TV: The Lucy Show" UnitPrice="19.95">56775013196</Part>
         <Quantity>4.0</Quantity>
      </LineItem>
      <LineItem ItemNumber="3">
         <Part Description="Tremors 2: Aftershocks" UnitPrice="19.95">25192029622</Part>
         <Quantity>6.0</Quantity>
      </LineItem>
      <LineItem ItemNumber="4">
         <Part Description="Encyclopedia of the 20th Century: Days That Shook the World, Vol. 1- 1900-1919" UnitPrice="27.95">56775068691</Part>
         <Quantity>7.0</Quantity>
      </LineItem>
      <LineItem ItemNumber="5">
         <Part Description="The Talented Mr. Ripley" UnitPrice="19.95">97363314240</Part>
         <Quantity>5.0</Quantity>
      </LineItem>
   </LineItems>
</PurchaseOrder>

