<PurchaseOrder xmlns:xsi="http://www.w3.org/2001/XMLSchema-instance" xsi:noNamespaceSchemaLocation="http://localhost:80/publishedContent/HOL/xsd/purchaseOrder.xsd">
   <Reference>HBAER-20150414224721540PDT</Reference>
   <Actions>
      <Action>
         <User>SHIGGINS</User>
      </Action>
   </Actions>
   <Rejection/>
   <Requestor>Hermann Baer</Requestor>
   <User>HBAER</User>
   <CostCenter>A70</CostCenter>
   <ShippingInstructions>
      <name>Hermann Baer</name>
      <Address xsi:type="address_DE">
        <street>Schwanthalerstr. 7031</street>
				<city>Munich</city>
			  			  <postcode>80925</postcode>
			  <country>Germany</country>
			</Address>
      <telephone>567-977-5635</telephone>
   </ShippingInstructions>
   <SpecialInstructions>Air Mail</SpecialInstructions>
   <LineItems>
      <LineItem ItemNumber="1">
         <Part Description="Police Academy" UnitPrice="19.95">85392001620</Part>
         <Quantity>3.0</Quantity>
      </LineItem>
      <LineItem ItemNumber="2">
         <Part Description="Me Myself I" UnitPrice="19.95">43396052741</Part>
         <Quantity>8.0</Quantity>
      </LineItem>
      <LineItem ItemNumber="3">
         <Part Description="Twiztid: Born Twiztid- The Movie" UnitPrice="19.95">44006082394</Part>
         <Quantity>5.0</Quantity>
      </LineItem>
      <LineItem ItemNumber="4">
         <Part Description="Spent" UnitPrice="19.95">13023148390</Part>
         <Quantity>5.0</Quantity>
      </LineItem>
      <LineItem ItemNumber="5">
         <Part Description="Civil War Journals: Commanders" UnitPrice="27.95">733961702958</Part>
         <Quantity>7.0</Quantity>
      </LineItem>
      <LineItem ItemNumber="6">
         <Part Description="Philadelphia" UnitPrice="19.95">43396526198</Part>
         <Quantity>6.0</Quantity>
      </LineItem>
      <LineItem ItemNumber="7">
         <Part Description="Brooklyn Babylon" UnitPrice="19.95">12236117834</Part>
         <Quantity>9.0</Quantity>
      </LineItem>
   </LineItems>
</PurchaseOrder>

