<PurchaseOrder xmlns:xsi="http://www.w3.org/2001/XMLSchema-instance" xsi:noNamespaceSchemaLocation="http://localhost:80/publishedContent/HOL/xsd/purchaseOrder.xsd">
   <Reference>HBAER-20150426213723453PDT</Reference>
   <Actions>
      <Action>
         <User>SHIGGINS</User>
      </Action>
   </Actions>
   <Rejection/>
   <Requestor>Hermann Baer</Requestor>
   <User>HBAER</User>
   <CostCenter>A70</CostCenter>
   <ShippingInstructions>
      <name>Hermann Baer</name>
      <Address xsi:type="address_DE">
        <street>Schwanthalerstr. 7031</street>
				<city>Munich</city>
			  			  <postcode>80925</postcode>
			  <country>Germany</country>
			</Address>
      <telephone>919-306-6806</telephone>
   </ShippingInstructions>
   <SpecialInstructions>Hand Carry</SpecialInstructions>
   <LineItems>
      <LineItem ItemNumber="1">
         <Part Description="A Nightmare on Elm Street 2: Freddy's Revenge" UnitPrice="19.95">794043501722</Part>
         <Quantity>9.0</Quantity>
      </LineItem>
      <LineItem ItemNumber="2">
         <Part Description="Hope and Glory" UnitPrice="19.95">27616862792</Part>
         <Quantity>3.0</Quantity>
      </LineItem>
      <LineItem ItemNumber="3">
         <Part Description="Hard Times" UnitPrice="19.95">43396030633</Part>
         <Quantity>4.0</Quantity>
      </LineItem>
      <LineItem ItemNumber="4">
         <Part Description="The Widow of Saint-Pierre" UnitPrice="19.95">31398774426</Part>
         <Quantity>4.0</Quantity>
      </LineItem>
      <LineItem ItemNumber="5">
         <Part Description="The First Wives Club" UnitPrice="19.95">97363261278</Part>
         <Quantity>1.0</Quantity>
      </LineItem>
      <LineItem ItemNumber="6">
         <Part Description="The Tingler" UnitPrice="27.95">43396077799</Part>
         <Quantity>5.0</Quantity>
      </LineItem>
   </LineItems>
</PurchaseOrder>

