<PurchaseOrder xmlns:xsi="http://www.w3.org/2001/XMLSchema-instance" xsi:noNamespaceSchemaLocation="http://localhost:80/publishedContent/HOL/xsd/purchaseOrder.xsd">
   <Reference>HBAER-20150407210200642PDT</Reference>
   <Actions>
      <Action>
         <User>SHIGGINS</User>
      </Action>
   </Actions>
   <Rejection/>
   <Requestor>Hermann Baer</Requestor>
   <User>HBAER</User>
   <CostCenter>A70</CostCenter>
   <ShippingInstructions>
      <name>Hermann Baer</name>
      <Address xsi:type="address_DE">
        <street>Schwanthalerstr. 7031</street>
				<city>Munich</city>
			  			  <postcode>80925</postcode>
			  <country>Germany</country>
			</Address>
      <telephone>316-649-6947</telephone>
   </ShippingInstructions>
   <SpecialInstructions>Expidite</SpecialInstructions>
   <LineItems>
      <LineItem ItemNumber="1">
         <Part Description="Munster, go Home!" UnitPrice="19.95">18713810410</Part>
         <Quantity>5.0</Quantity>
      </LineItem>
      <LineItem ItemNumber="2">
         <Part Description="G.I. Blues" UnitPrice="19.95">97363746843</Part>
         <Quantity>2.0</Quantity>
      </LineItem>
      <LineItem ItemNumber="3">
         <Part Description="Mystic Moods" UnitPrice="27.95">56775064297</Part>
         <Quantity>5.0</Quantity>
      </LineItem>
      <LineItem ItemNumber="4">
         <Part Description="The Standard Deviants: Pre-Algebra, Part 1" UnitPrice="27.95">631865000821</Part>
         <Quantity>4.0</Quantity>
      </LineItem>
      <LineItem ItemNumber="5">
         <Part Description="DragonBall Z: Movie 4- Lord Slug" UnitPrice="19.95">704400030734</Part>
         <Quantity>9.0</Quantity>
      </LineItem>
      <LineItem ItemNumber="6">
         <Part Description="One Hundred and One Dalmatians" UnitPrice="19.95">717951003973</Part>
         <Quantity>9.0</Quantity>
      </LineItem>
   </LineItems>
</PurchaseOrder>

