<PurchaseOrder xmlns:xsi="http://www.w3.org/2001/XMLSchema-instance" xsi:noNamespaceSchemaLocation="http://localhost:80/publishedContent/HOL/xsd/purchaseOrder.xsd">
   <Reference>HBAER-20150424175644383PDT</Reference>
   <Actions>
      <Action>
         <User>SHIGGINS</User>
      </Action>
   </Actions>
   <Rejection/>
   <Requestor>Hermann Baer</Requestor>
   <User>HBAER</User>
   <CostCenter>A70</CostCenter>
   <ShippingInstructions>
      <name>Hermann Baer</name>
      <Address xsi:type="address_DE">
        <street>Schwanthalerstr. 7031</street>
				<city>Munich</city>
			  			  <postcode>80925</postcode>
			  <country>Germany</country>
			</Address>
      <telephone>982-740-3583</telephone>
   </ShippingInstructions>
   <SpecialInstructions>Courier</SpecialInstructions>
   <LineItems>
      <LineItem ItemNumber="1">
         <Part Description="Maverick" UnitPrice="19.95">85391337423</Part>
         <Quantity>4.0</Quantity>
      </LineItem>
      <LineItem ItemNumber="2">
         <Part Description="28 Days" UnitPrice="19.95">43396050648</Part>
         <Quantity>8.0</Quantity>
      </LineItem>
      <LineItem ItemNumber="3">
         <Part Description="The Standard Deviants: American Government, Part 2" UnitPrice="27.95">631865006328</Part>
         <Quantity>9.0</Quantity>
      </LineItem>
      <LineItem ItemNumber="4">
         <Part Description="Monty Python's Flying Circus: Set 4" UnitPrice="19.95">733961700503</Part>
         <Quantity>2.0</Quantity>
      </LineItem>
      <LineItem ItemNumber="5">
         <Part Description="Scarlett" UnitPrice="27.95">707729117629</Part>
         <Quantity>9.0</Quantity>
      </LineItem>
   </LineItems>
</PurchaseOrder>

