<PurchaseOrder xmlns:xsi="http://www.w3.org/2001/XMLSchema-instance" xsi:noNamespaceSchemaLocation="http://localhost:80/publishedContent/HOL/xsd/purchaseOrder.xsd">
   <Reference>HBLOOM-20150414203235840PDT</Reference>
   <Actions>
      <Action>
         <User>SKUMAR</User>
      </Action>
   </Actions>
   <Rejection/>
   <Requestor>Harrison Bloom</Requestor>
   <User>HBLOOM</User>
   <CostCenter>A80</CostCenter>
   <ShippingInstructions>
      <name>Harrison Bloom</name>
      <Address xsi:type="address_UK">
      	<street>Magdalen Centre, The Isis Science Park</street>
				<city>Oxford</city>
				<county>Oxon.</county>
				<postcode>OX9 9ZB</postcode>
				<country>United Kingdom</country>
			</Address>
      <telephone>650-651-488</telephone>
   </ShippingInstructions>
   <SpecialInstructions>Counter to Counter</SpecialInstructions>
   <LineItems>
      <LineItem ItemNumber="1">
         <Part Description="High Noon" UnitPrice="19.95">17153348620</Part>
         <Quantity>7.0</Quantity>
      </LineItem>
      <LineItem ItemNumber="2">
         <Part Description="A Hometown USA" UnitPrice="19.95">13131099393</Part>
         <Quantity>6.0</Quantity>
      </LineItem>
      <LineItem ItemNumber="3">
         <Part Description="The Crossing Guard" UnitPrice="19.95">717951002136</Part>
         <Quantity>6.0</Quantity>
      </LineItem>
   </LineItems>
</PurchaseOrder>

