<PurchaseOrder xmlns:xsi="http://www.w3.org/2001/XMLSchema-instance" xsi:noNamespaceSchemaLocation="http://localhost:80/publishedContent/HOL/xsd/purchaseOrder.xsd">
   <Reference>HBLOOM-20150419154645601PDT</Reference>
   <Actions>
      <Action>
         <User>SKUMAR</User>
      </Action>
   </Actions>
   <Rejection/>
   <Requestor>Harrison Bloom</Requestor>
   <User>HBLOOM</User>
   <CostCenter>A80</CostCenter>
   <ShippingInstructions>
      <name>Harrison Bloom</name>
      <Address xsi:type="address_UK">
      	<street>Magdalen Centre, The Isis Science Park</street>
				<city>Oxford</city>
				<county>Oxon.</county>
				<postcode>OX9 9ZB</postcode>
				<country>United Kingdom</country>
			</Address>
      <telephone>729-25-4901</telephone>
   </ShippingInstructions>
   <SpecialInstructions>Ground</SpecialInstructions>
   <LineItems>
      <LineItem ItemNumber="1">
         <Part Description="The Hallelujah Trail" UnitPrice="19.95">27616859020</Part>
         <Quantity>1.0</Quantity>
      </LineItem>
      <LineItem ItemNumber="2">
         <Part Description="Mercury Rising" UnitPrice="19.95">25192044922</Part>
         <Quantity>8.0</Quantity>
      </LineItem>
      <LineItem ItemNumber="3">
         <Part Description="This is Ultimate Wrestling: Cactus Jack- No Holds Barred" UnitPrice="27.95">56775074395</Part>
         <Quantity>3.0</Quantity>
      </LineItem>
      <LineItem ItemNumber="4">
         <Part Description="Turbulence" UnitPrice="19.95">26359138720</Part>
         <Quantity>6.0</Quantity>
      </LineItem>
   </LineItems>
</PurchaseOrder>

