<PurchaseOrder xmlns:xsi="http://www.w3.org/2001/XMLSchema-instance" xsi:noNamespaceSchemaLocation="http://localhost:80/publishedContent/HOL/xsd/purchaseOrder.xsd">
   <Reference>HBLOOM-20150421142013915PDT</Reference>
   <Actions>
      <Action>
         <User>SKUMAR</User>
      </Action>
   </Actions>
   <Rejection/>
   <Requestor>Harrison Bloom</Requestor>
   <User>HBLOOM</User>
   <CostCenter>A80</CostCenter>
   <ShippingInstructions>
      <name>Harrison Bloom</name>
      <Address xsi:type="address_UK">
      	<street>Magdalen Centre, The Isis Science Park</street>
				<city>Oxford</city>
				<county>Oxon.</county>
				<postcode>OX9 9ZB</postcode>
				<country>United Kingdom</country>
			</Address>
      <telephone>704-204-5625</telephone>
   </ShippingInstructions>
   <SpecialInstructions>Courier</SpecialInstructions>
   <LineItems>
      <LineItem ItemNumber="1">
         <Part Description="Bob Roberts" UnitPrice="19.95">12236104124</Part>
         <Quantity>8.0</Quantity>
      </LineItem>
      <LineItem ItemNumber="2">
         <Part Description="Songmakers Collection" UnitPrice="32.95">733961703207</Part>
         <Quantity>9.0</Quantity>
      </LineItem>
      <LineItem ItemNumber="3">
         <Part Description="Peggy Sue Got Married" UnitPrice="19.95">43396818491</Part>
         <Quantity>7.0</Quantity>
      </LineItem>
      <LineItem ItemNumber="4">
         <Part Description="The Rescuers Down Under" UnitPrice="19.95">717951005809</Part>
         <Quantity>2.0</Quantity>
      </LineItem>
      <LineItem ItemNumber="5">
         <Part Description="Turbulence" UnitPrice="19.95">26359138720</Part>
         <Quantity>3.0</Quantity>
      </LineItem>
   </LineItems>
</PurchaseOrder>

