<PurchaseOrder xmlns:xsi="http://www.w3.org/2001/XMLSchema-instance" xsi:noNamespaceSchemaLocation="http://localhost:80/publishedContent/HOL/xsd/purchaseOrder.xsd">
   <Reference>ISCIARRA-20150422185534962PDT</Reference>
   <Actions>
      <Action>
         <User>LPOPP</User>
      </Action>
   </Actions>
   <Rejection/>
   <Requestor>Ismael Sciarra</Requestor>
   <User>ISCIARRA</User>
   <CostCenter>A100</CostCenter>
   <ShippingInstructions>
      <name>Ismael Sciarra</name>
      <Address xsi:type="address_US">
        <street>2004 Blacksmiths Court</street>
				<city>Seattle</city>
				<state>WA</state>
				<zipCode>98199</zipCode>
				<country>United States of America</country>
		  </Address>
      <telephone>439-513-8037</telephone>
   </ShippingInstructions>
   <SpecialInstructions>Priority Overnight</SpecialInstructions>
   <LineItems>
      <LineItem ItemNumber="1">
         <Part Description="Boiler Room" UnitPrice="19.95">794043505522</Part>
         <Quantity>7.0</Quantity>
      </LineItem>
      <LineItem ItemNumber="2">
         <Part Description="Ally McBeal (TV series" UnitPrice="19.95">24543000747</Part>
         <Quantity>3.0</Quantity>
      </LineItem>
      <LineItem ItemNumber="3">
         <Part Description="Waiting to Exhale" UnitPrice="19.95">86162110528</Part>
         <Quantity>6.0</Quantity>
      </LineItem>
      <LineItem ItemNumber="4">
         <Part Description="Key the Metal Idol, Vol. 3: Believing" UnitPrice="19.95">13023043596</Part>
         <Quantity>6.0</Quantity>
      </LineItem>
   </LineItems>
</PurchaseOrder>

