<PurchaseOrder xmlns:xsi="http://www.w3.org/2001/XMLSchema-instance" xsi:noNamespaceSchemaLocation="http://localhost:80/publishedContent/HOL/xsd/purchaseOrder.xsd">
   <Reference>JAMRLOW-20150422135456877PDT</Reference>
   <Actions>
      <Action>
         <User>ACABRIO</User>
      </Action>
   </Actions>
   <Rejection/>
   <Requestor>James Marlow</Requestor>
   <User>JAMRLOW</User>
   <CostCenter>A50</CostCenter>
   <ShippingInstructions>
      <name>James Marlow</name>
      <Address xsi:type="address_US">
      	<street>200 Sporting Green</street>
        <city>South San Francisco</city>
        <state>CA</state>
        <zipCode>99236</zipCode>
        <country>United States of America</country>
     	</Address>
      <telephone>835-981-269</telephone>
   </ShippingInstructions>
   <SpecialInstructions>Hand Carry</SpecialInstructions>
   <LineItems>
      <LineItem ItemNumber="1">
         <Part Description="Pokemon: Primeape Goes Bananas" UnitPrice="19.95">13023018396</Part>
         <Quantity>4.0</Quantity>
      </LineItem>
      <LineItem ItemNumber="2">
         <Part Description="Shaft 2000" UnitPrice="19.95">97363361947</Part>
         <Quantity>7.0</Quantity>
      </LineItem>
      <LineItem ItemNumber="3">
         <Part Description="Killer Creatures: Killer Shrews &amp; I Bury / Movie" UnitPrice="19.95">56775058098</Part>
         <Quantity>4.0</Quantity>
      </LineItem>
      <LineItem ItemNumber="4">
         <Part Description="Girl" UnitPrice="19.95">43396052680</Part>
         <Quantity>7.0</Quantity>
      </LineItem>
   </LineItems>
</PurchaseOrder>

