<PurchaseOrder xmlns:xsi="http://www.w3.org/2001/XMLSchema-instance" xsi:noNamespaceSchemaLocation="http://localhost:80/publishedContent/HOL/xsd/purchaseOrder.xsd">
   <Reference>JAMRLOW-2015042121491072PDT</Reference>
   <Actions>
      <Action>
         <User>ACABRIO</User>
      </Action>
   </Actions>
   <Rejection/>
   <Requestor>James Marlow</Requestor>
   <User>JAMRLOW</User>
   <CostCenter>A50</CostCenter>
   <ShippingInstructions>
      <name>James Marlow</name>
      <Address xsi:type="address_US">
      	<street>200 Sporting Green</street>
        <city>South San Francisco</city>
        <state>CA</state>
        <zipCode>99236</zipCode>
        <country>United States of America</country>
     	</Address>
      <telephone>620-510-5370</telephone>
   </ShippingInstructions>
   <SpecialInstructions>Hand Carry</SpecialInstructions>
   <LineItems>
      <LineItem ItemNumber="1">
         <Part Description="The Bears &amp; I" UnitPrice="19.95">13131089295</Part>
         <Quantity>1.0</Quantity>
      </LineItem>
      <LineItem ItemNumber="2">
         <Part Description="Notting Hill" UnitPrice="19.95">25192127724</Part>
         <Quantity>7.0</Quantity>
      </LineItem>
      <LineItem ItemNumber="3">
         <Part Description="The Hudsucker Proxy" UnitPrice="19.95">85391316626</Part>
         <Quantity>7.0</Quantity>
      </LineItem>
      <LineItem ItemNumber="4">
         <Part Description="Mummies &amp; Wonders Of Ancient Egypt" UnitPrice="27.95">733961702057</Part>
         <Quantity>8.0</Quantity>
      </LineItem>
      <LineItem ItemNumber="5">
         <Part Description="City of the Living Dead" UnitPrice="19.95">13131110494</Part>
         <Quantity>6.0</Quantity>
      </LineItem>
      <LineItem ItemNumber="6">
         <Part Description="Trainspotting" UnitPrice="19.95">717951000224</Part>
         <Quantity>5.0</Quantity>
      </LineItem>
      <LineItem ItemNumber="7">
         <Part Description="Marked for Death" UnitPrice="19.95">86162090677</Part>
         <Quantity>9.0</Quantity>
      </LineItem>
   </LineItems>
</PurchaseOrder>

