<PurchaseOrder xmlns:xsi="http://www.w3.org/2001/XMLSchema-instance" xsi:noNamespaceSchemaLocation="http://localhost:80/publishedContent/HOL/xsd/purchaseOrder.xsd">
   <Reference>JCHEN-20150425190728577PDT</Reference>
   <Actions>
      <Action>
         <User>LPOPP</User>
      </Action>
   </Actions>
   <Rejection/>
   <Requestor>John Chen</Requestor>
   <User>JCHEN</User>
   <CostCenter>A100</CostCenter>
   <ShippingInstructions>
      <name>John Chen</name>
      <Address xsi:type="address_US">
        <street>2004 Blacksmiths Court</street>
				<city>Seattle</city>
				<state>WA</state>
				<zipCode>98199</zipCode>
				<country>United States of America</country>
		  </Address>
      <telephone>220-427-6445</telephone>
   </ShippingInstructions>
   <SpecialInstructions>Courier</SpecialInstructions>
   <LineItems>
      <LineItem ItemNumber="1">
         <Part Description="Chinatown" UnitPrice="27.95">97361551647</Part>
         <Quantity>7.0</Quantity>
      </LineItem>
      <LineItem ItemNumber="2">
         <Part Description="The Great Train Robbery" UnitPrice="19.95">27616714923</Part>
         <Quantity>8.0</Quantity>
      </LineItem>
      <LineItem ItemNumber="3">
         <Part Description="Daughters of Darkness" UnitPrice="19.95">13131049497</Part>
         <Quantity>6.0</Quantity>
      </LineItem>
      <LineItem ItemNumber="4">
         <Part Description="W.C. Fields 2" UnitPrice="19.95">56775034696</Part>
         <Quantity>8.0</Quantity>
      </LineItem>
      <LineItem ItemNumber="5">
         <Part Description="At the Jazz Band Ball" UnitPrice="19.95">16351051493</Part>
         <Quantity>3.0</Quantity>
      </LineItem>
   </LineItems>
</PurchaseOrder>

