<PurchaseOrder xmlns:xsi="http://www.w3.org/2001/XMLSchema-instance" xsi:noNamespaceSchemaLocation="http://localhost:80/publishedContent/HOL/xsd/purchaseOrder.xsd">
   <Reference>JDILLY-20150420190628963PDT</Reference>
   <Actions>
      <Action>
         <User>RPERKINS</User>
      </Action>
   </Actions>
   <Rejection/>
   <Requestor>Jennifer Dilly</Requestor>
   <User>JDILLY</User>
   <CostCenter>A50</CostCenter>
   <ShippingInstructions>
      <name>Jennifer Dilly</name>
      <Address xsi:type="address_US">
      	<street>200 Sporting Green</street>
        <city>South San Francisco</city>
        <state>CA</state>
        <zipCode>99236</zipCode>
        <country>United States of America</country>
     	</Address>
      <telephone>105-693-1583</telephone>
   </ShippingInstructions>
   <SpecialInstructions>Air Mail</SpecialInstructions>
   <LineItems>
      <LineItem ItemNumber="1">
         <Part Description="Action Jackson" UnitPrice="19.95">12569081628</Part>
         <Quantity>7.0</Quantity>
      </LineItem>
      <LineItem ItemNumber="2">
         <Part Description="The Last Detail" UnitPrice="19.95">43396003491</Part>
         <Quantity>1.0</Quantity>
      </LineItem>
      <LineItem ItemNumber="3">
         <Part Description="Keb' Mo': Sessions at West 54th- Recorded Live in New York" UnitPrice="19.95">74645023793</Part>
         <Quantity>6.0</Quantity>
      </LineItem>
      <LineItem ItemNumber="4">
         <Part Description="The Lawnmower Man" UnitPrice="19.95">794043409226</Part>
         <Quantity>9.0</Quantity>
      </LineItem>
   </LineItems>
</PurchaseOrder>

