<PurchaseOrder xmlns:xsi="http://www.w3.org/2001/XMLSchema-instance" xsi:noNamespaceSchemaLocation="http://localhost:80/publishedContent/HOL/xsd/purchaseOrder.xsd">
   <Reference>JDILLY-20150407152112818PDT</Reference>
   <Actions>
      <Action>
         <User>RPERKINS</User>
      </Action>
   </Actions>
   <Rejection/>
   <Requestor>Jennifer Dilly</Requestor>
   <User>JDILLY</User>
   <CostCenter>A50</CostCenter>
   <ShippingInstructions>
      <name>Jennifer Dilly</name>
      <Address xsi:type="address_US">
      	<street>200 Sporting Green</street>
        <city>South San Francisco</city>
        <state>CA</state>
        <zipCode>99236</zipCode>
        <country>United States of America</country>
     	</Address>
      <telephone>577-795-191</telephone>
   </ShippingInstructions>
   <SpecialInstructions>Next Day Air</SpecialInstructions>
   <LineItems>
      <LineItem ItemNumber="1">
         <Part Description="The Wedding Singer" UnitPrice="19.95">794043466021</Part>
         <Quantity>7.0</Quantity>
      </LineItem>
      <LineItem ItemNumber="2">
         <Part Description="Sam Kinison: Family Entertainment Hour" UnitPrice="27.95">13023161092</Part>
         <Quantity>9.0</Quantity>
      </LineItem>
      <LineItem ItemNumber="3">
         <Part Description="From Dusk Till Dawn" UnitPrice="19.95">717951000446</Part>
         <Quantity>9.0</Quantity>
      </LineItem>
      <LineItem ItemNumber="4">
         <Part Description="The Paradine Case" UnitPrice="19.95">13131080995</Part>
         <Quantity>3.0</Quantity>
      </LineItem>
   </LineItems>
</PurchaseOrder>

