<PurchaseOrder xmlns:xsi="http://www.w3.org/2001/XMLSchema-instance" xsi:noNamespaceSchemaLocation="http://localhost:80/publishedContent/HOL/xsd/purchaseOrder.xsd">
   <Reference>JFLEAUR-20150423165057345PDT</Reference>
   <Actions>
      <Action>
         <User>GGEONI</User>
      </Action>
   </Actions>
   <Rejection/>
   <Requestor>Jean Fleaur</Requestor>
   <User>JFLEAUR</User>
   <CostCenter>A50</CostCenter>
   <ShippingInstructions>
      <name>Jean Fleaur</name>
      <Address xsi:type="address_US">
      	<street>200 Sporting Green</street>
        <city>South San Francisco</city>
        <state>CA</state>
        <zipCode>99236</zipCode>
        <country>United States of America</country>
     	</Address>
      <telephone>290-462-8496</telephone>
   </ShippingInstructions>
   <SpecialInstructions>Hand Carry</SpecialInstructions>
   <LineItems>
      <LineItem ItemNumber="1">
         <Part Description="Josie and the Pussycats" UnitPrice="19.95">25192137723</Part>
         <Quantity>5.0</Quantity>
      </LineItem>
      <LineItem ItemNumber="2">
         <Part Description="Herbert Von Karajan- His Legacy for Home Video: Der Rosenkavalier" UnitPrice="19.95">74644831399</Part>
         <Quantity>2.0</Quantity>
      </LineItem>
      <LineItem ItemNumber="3">
         <Part Description="The Pajama Game" UnitPrice="19.95">85393508524</Part>
         <Quantity>1.0</Quantity>
      </LineItem>
      <LineItem ItemNumber="4">
         <Part Description="Saturday Night Live: The Best of Mike Myers" UnitPrice="19.95">31398721437</Part>
         <Quantity>2.0</Quantity>
      </LineItem>
      <LineItem ItemNumber="5">
         <Part Description="Lost Films of Laurel &amp; Hardy 7" UnitPrice="19.95">14381479720</Part>
         <Quantity>1.0</Quantity>
      </LineItem>
      <LineItem ItemNumber="6">
         <Part Description="Mystery Train" UnitPrice="19.95">27616806321</Part>
         <Quantity>3.0</Quantity>
      </LineItem>
   </LineItems>
</PurchaseOrder>

