<PurchaseOrder xmlns:xsi="http://www.w3.org/2001/XMLSchema-instance" xsi:noNamespaceSchemaLocation="http://localhost:80/publishedContent/HOL/xsd/purchaseOrder.xsd">
   <Reference>JKING-20150409165418109PDT</Reference>
   <Actions>
      <Action>
         <User>SSEWALL</User>
      </Action>
   </Actions>
   <Rejection/>
   <Requestor>Janette King</Requestor>
   <User>JKING</User>
   <CostCenter>A80</CostCenter>
   <ShippingInstructions>
      <name>Janette King</name>
      <Address xsi:type="address_UK">
      	<street>Magdalen Centre, The Isis Science Park</street>
				<city>Oxford</city>
				<county>Oxon.</county>
				<postcode>OX9 9ZB</postcode>
				<country>United Kingdom</country>
			</Address>
      <telephone>466-255-5872</telephone>
   </ShippingInstructions>
   <SpecialInstructions>Air Mail</SpecialInstructions>
   <LineItems>
      <LineItem ItemNumber="1">
         <Part Description="Urbania" UnitPrice="19.95">31398761020</Part>
         <Quantity>6.0</Quantity>
      </LineItem>
      <LineItem ItemNumber="2">
         <Part Description="CNN: Millenium 2000" UnitPrice="19.95">53939819823</Part>
         <Quantity>7.0</Quantity>
      </LineItem>
      <LineItem ItemNumber="3">
         <Part Description="Basic Instinct" UnitPrice="19.95">12236044307</Part>
         <Quantity>3.0</Quantity>
      </LineItem>
      <LineItem ItemNumber="4">
         <Part Description="Submerged" UnitPrice="19.95">97368205048</Part>
         <Quantity>5.0</Quantity>
      </LineItem>
      <LineItem ItemNumber="5">
         <Part Description="Lexx: Season 2 V -2" UnitPrice="19.95">54961449590</Part>
         <Quantity>7.0</Quantity>
      </LineItem>
   </LineItems>
</PurchaseOrder>

