<PurchaseOrder xmlns:xsi="http://www.w3.org/2001/XMLSchema-instance" xsi:noNamespaceSchemaLocation="http://localhost:80/publishedContent/HOL/xsd/purchaseOrder.xsd">
   <Reference>JMURMAN-20150403174356336PDT</Reference>
   <Actions>
      <Action>
         <User>LPOPP</User>
      </Action>
   </Actions>
   <Rejection/>
   <Requestor>Jose Manuel Urman</Requestor>
   <User>JMURMAN</User>
   <CostCenter>A100</CostCenter>
   <ShippingInstructions>
      <name>Jose Manuel Urman</name>
      <Address xsi:type="address_US">
        <street>2004 Blacksmiths Court</street>
				<city>Seattle</city>
				<state>WA</state>
				<zipCode>98199</zipCode>
				<country>United States of America</country>
		  </Address>
      <telephone>283-359-8318</telephone>
   </ShippingInstructions>
   <SpecialInstructions>Surface Mail</SpecialInstructions>
   <LineItems>
      <LineItem ItemNumber="1">
         <Part Description="The Usual Suspects" UnitPrice="19.95">27616780126</Part>
         <Quantity>9.0</Quantity>
      </LineItem>
      <LineItem ItemNumber="2">
         <Part Description="The Thirteenth Floor" UnitPrice="19.95">43396028487</Part>
         <Quantity>4.0</Quantity>
      </LineItem>
      <LineItem ItemNumber="3">
         <Part Description="An Everlasting Piece" UnitPrice="26.95">667068782028</Part>
         <Quantity>6.0</Quantity>
      </LineItem>
   </LineItems>
</PurchaseOrder>

