<PurchaseOrder xmlns:xsi="http://www.w3.org/2001/XMLSchema-instance" xsi:noNamespaceSchemaLocation="http://localhost:80/publishedContent/HOL/xsd/purchaseOrder.xsd">
   <Reference>JPATEL-20150421213910709PDT</Reference>
   <Actions>
      <Action>
         <User>VJONES</User>
      </Action>
   </Actions>
   <Rejection/>
   <Requestor>Joshua Patel</Requestor>
   <User>JPATEL</User>
   <CostCenter>A50</CostCenter>
   <ShippingInstructions>
      <name>Joshua Patel</name>
      <Address xsi:type="address_US">
      	<street>200 Sporting Green</street>
        <city>South San Francisco</city>
        <state>CA</state>
        <zipCode>99236</zipCode>
        <country>United States of America</country>
     	</Address>
      <telephone>969-487-5611</telephone>
   </ShippingInstructions>
   <SpecialInstructions>Counter to Counter</SpecialInstructions>
   <LineItems>
      <LineItem ItemNumber="1">
         <Part Description="Picture Windows" UnitPrice="19.95">13023031999</Part>
         <Quantity>4.0</Quantity>
      </LineItem>
      <LineItem ItemNumber="2">
         <Part Description="The Bishop's Wife" UnitPrice="19.95">27616858917</Part>
         <Quantity>4.0</Quantity>
      </LineItem>
      <LineItem ItemNumber="3">
         <Part Description="Blow Out" UnitPrice="19.95">27616852885</Part>
         <Quantity>5.0</Quantity>
      </LineItem>
      <LineItem ItemNumber="4">
         <Part Description="A Christmas Story" UnitPrice="19.95">12569504424</Part>
         <Quantity>7.0</Quantity>
      </LineItem>
      <LineItem ItemNumber="5">
         <Part Description="Illuminata" UnitPrice="19.95">12236100317</Part>
         <Quantity>4.0</Quantity>
      </LineItem>
   </LineItems>
</PurchaseOrder>

