<PurchaseOrder xmlns:xsi="http://www.w3.org/2001/XMLSchema-instance" xsi:noNamespaceSchemaLocation="http://localhost:80/publishedContent/HOL/xsd/purchaseOrder.xsd">
   <Reference>JSEO-20150414162816780PDT</Reference>
   <Actions>
      <Action>
         <User>VJONES</User>
      </Action>
   </Actions>
   <Rejection/>
   <Requestor>John Seo</Requestor>
   <User>JSEO</User>
   <CostCenter>A50</CostCenter>
   <ShippingInstructions>
      <name>John Seo</name>
      <Address xsi:type="address_US">
      	<street>200 Sporting Green</street>
        <city>South San Francisco</city>
        <state>CA</state>
        <zipCode>99236</zipCode>
        <country>United States of America</country>
     	</Address>
      <telephone>238-656-556</telephone>
   </ShippingInstructions>
   <SpecialInstructions>Priority Overnight</SpecialInstructions>
   <LineItems>
      <LineItem ItemNumber="1">
         <Part Description="Avengers: 67 Set 1 Volume 1" UnitPrice="19.95">733961700183</Part>
         <Quantity>8.0</Quantity>
      </LineItem>
      <LineItem ItemNumber="2">
         <Part Description="Jakob the Liar" UnitPrice="19.95">43396028449</Part>
         <Quantity>5.0</Quantity>
      </LineItem>
      <LineItem ItemNumber="3">
         <Part Description="The Hunchback of Notre Dame" UnitPrice="27.95">53939205824</Part>
         <Quantity>4.0</Quantity>
      </LineItem>
      <LineItem ItemNumber="4">
         <Part Description="Canadian Bacon" UnitPrice="19.95">27616861153</Part>
         <Quantity>8.0</Quantity>
      </LineItem>
      <LineItem ItemNumber="5">
         <Part Description="Hot Boyz &amp; Foolish" UnitPrice="32.95">12236122913</Part>
         <Quantity>1.0</Quantity>
      </LineItem>
   </LineItems>
</PurchaseOrder>

