<PurchaseOrder xmlns:xsi="http://www.w3.org/2001/XMLSchema-instance" xsi:noNamespaceSchemaLocation="http://localhost:80/publishedContent/HOL/xsd/purchaseOrder.xsd">
   <Reference>JTAYLOR-20150426133953743PDT</Reference>
   <Actions>
      <Action>
         <User>CJOHNSON</User>
      </Action>
   </Actions>
   <Rejection/>
   <Requestor>Jonathon Taylor</Requestor>
   <User>JTAYLOR</User>
   <CostCenter>A80</CostCenter>
   <ShippingInstructions>
      <name>Jonathon Taylor</name>
      <Address xsi:type="address_UK">
      	<street>Magdalen Centre, The Isis Science Park</street>
				<city>Oxford</city>
				<county>Oxon.</county>
				<postcode>OX9 9ZB</postcode>
				<country>United Kingdom</country>
			</Address>
      <telephone>468-13-8848</telephone>
   </ShippingInstructions>
   <SpecialInstructions>Expidite</SpecialInstructions>
   <LineItems>
      <LineItem ItemNumber="1">
         <Part Description="Minnie and Moskowitz" UnitPrice="19.95">13131098792</Part>
         <Quantity>4.0</Quantity>
      </LineItem>
      <LineItem ItemNumber="2">
         <Part Description="Animal Factory" UnitPrice="19.95">43396059290</Part>
         <Quantity>3.0</Quantity>
      </LineItem>
      <LineItem ItemNumber="3">
         <Part Description="The Chamber" UnitPrice="19.95">25192026829</Part>
         <Quantity>9.0</Quantity>
      </LineItem>
      <LineItem ItemNumber="4">
         <Part Description="Jason &amp; Argonauts &amp; Odyssey" UnitPrice="32.95">12236122982</Part>
         <Quantity>8.0</Quantity>
      </LineItem>
      <LineItem ItemNumber="5">
         <Part Description="Tenchi In Tokyo: A New Challenge" UnitPrice="19.95">13023019690</Part>
         <Quantity>4.0</Quantity>
      </LineItem>
      <LineItem ItemNumber="6">
         <Part Description="Last Tango in Paris" UnitPrice="19.95">27616657022</Part>
         <Quantity>4.0</Quantity>
      </LineItem>
   </LineItems>
</PurchaseOrder>

