<PurchaseOrder xmlns:xsi="http://www.w3.org/2001/XMLSchema-instance" xsi:noNamespaceSchemaLocation="http://localhost:80/publishedContent/HOL/xsd/purchaseOrder.xsd">
   <Reference>JTAYLOR-2015041215132120PDT</Reference>
   <Actions>
      <Action>
         <User>CJOHNSON</User>
      </Action>
   </Actions>
   <Rejection/>
   <Requestor>Jonathon Taylor</Requestor>
   <User>JTAYLOR</User>
   <CostCenter>A80</CostCenter>
   <ShippingInstructions>
      <name>Jonathon Taylor</name>
      <Address xsi:type="address_UK">
      	<street>Magdalen Centre, The Isis Science Park</street>
				<city>Oxford</city>
				<county>Oxon.</county>
				<postcode>OX9 9ZB</postcode>
				<country>United Kingdom</country>
			</Address>
      <telephone>415-569-5437</telephone>
   </ShippingInstructions>
   <SpecialInstructions>Ground</SpecialInstructions>
   <LineItems>
      <LineItem ItemNumber="1">
         <Part Description="Kung Fu Mania / Martial Arts" UnitPrice="27.95">18713830340</Part>
         <Quantity>6.0</Quantity>
      </LineItem>
      <LineItem ItemNumber="2">
         <Part Description="Chris Rock: B.O. Chris &amp; Jerry Seinfeld / M" UnitPrice="32.95">26359919626</Part>
         <Quantity>6.0</Quantity>
      </LineItem>
      <LineItem ItemNumber="3">
         <Part Description="F/X" UnitPrice="19.95">27616850782</Part>
         <Quantity>8.0</Quantity>
      </LineItem>
   </LineItems>
</PurchaseOrder>

