<PurchaseOrder xmlns:xsi="http://www.w3.org/2001/XMLSchema-instance" xsi:noNamespaceSchemaLocation="http://localhost:80/publishedContent/HOL/xsd/purchaseOrder.xsd">
   <Reference>JWHALEN-20150428193134304PDT</Reference>
   <Actions>
      <Action>
         <User>SHIGGINS</User>
      </Action>
   </Actions>
   <Rejection/>
   <Requestor>Jennifer Whalen</Requestor>
   <User>JWHALEN</User>
   <CostCenter>A10</CostCenter>
   <ShippingInstructions>
      <name>Jennifer Whalen</name>
      <Address xsi:type="address_US">
        <street>2004 Blacksmiths Court</street>
				<city>Seattle</city>
				<state>WA</state>
				<zipCode>98199</zipCode>
				<country>United States of America</country>
		  </Address>
      <telephone>290-516-4244</telephone>
   </ShippingInstructions>
   <SpecialInstructions>Priority Overnight</SpecialInstructions>
   <LineItems>
      <LineItem ItemNumber="1">
         <Part Description="Dracula's Daughter / Son Of Dracula" UnitPrice="19.95">25192139826</Part>
         <Quantity>2.0</Quantity>
      </LineItem>
      <LineItem ItemNumber="2">
         <Part Description="Dragonball Z: Pendulum Room" UnitPrice="19.95">13023021198</Part>
         <Quantity>1.0</Quantity>
      </LineItem>
      <LineItem ItemNumber="3">
         <Part Description="Bear In Blue House: Shapes Sounds &amp; Colors W/ Bear" UnitPrice="19.95">43396054523</Part>
         <Quantity>4.0</Quantity>
      </LineItem>
   </LineItems>
</PurchaseOrder>

