<PurchaseOrder xmlns:xsi="http://www.w3.org/2001/XMLSchema-instance" xsi:noNamespaceSchemaLocation="http://localhost:80/publishedContent/HOL/xsd/purchaseOrder.xsd">
   <Reference>KCHUNG-20150416202954234PDT</Reference>
   <Actions>
      <Action>
         <User>RPERKINS</User>
      </Action>
   </Actions>
   <Rejection/>
   <Requestor>Kelly Chung</Requestor>
   <User>KCHUNG</User>
   <CostCenter>A50</CostCenter>
   <ShippingInstructions>
      <name>Kelly Chung</name>
      <Address xsi:type="address_US">
      	<street>200 Sporting Green</street>
        <city>South San Francisco</city>
        <state>CA</state>
        <zipCode>99236</zipCode>
        <country>United States of America</country>
     	</Address>
      <telephone>486-543-4184</telephone>
   </ShippingInstructions>
   <SpecialInstructions>Priority Overnight</SpecialInstructions>
   <LineItems>
      <LineItem ItemNumber="1">
         <Part Description="The Standard Deviants: Dinosaurs- Lifestyles of the Big Carnivores" UnitPrice="27.95">631865037230</Part>
         <Quantity>8.0</Quantity>
      </LineItem>
      <LineItem ItemNumber="2">
         <Part Description="So I Married an Axe Murderer" UnitPrice="19.95">43396524293</Part>
         <Quantity>4.0</Quantity>
      </LineItem>
      <LineItem ItemNumber="3">
         <Part Description="Dragonball Z: Showdown" UnitPrice="19.95">13023021594</Part>
         <Quantity>3.0</Quantity>
      </LineItem>
      <LineItem ItemNumber="4">
         <Part Description="Twilight Zone 30" UnitPrice="19.95">14381894721</Part>
         <Quantity>7.0</Quantity>
      </LineItem>
      <LineItem ItemNumber="5">
         <Part Description="Prince Of Egypt - Joseph King of Dreams" UnitPrice="26.95">667068806328</Part>
         <Quantity>6.0</Quantity>
      </LineItem>
      <LineItem ItemNumber="6">
         <Part Description="Kevin Costner" UnitPrice="19.95">25192112225</Part>
         <Quantity>8.0</Quantity>
      </LineItem>
      <LineItem ItemNumber="7">
         <Part Description="When the Sky Falls" UnitPrice="19.95">31398768821</Part>
         <Quantity>2.0</Quantity>
      </LineItem>
   </LineItems>
</PurchaseOrder>

