<PurchaseOrder xmlns:xsi="http://www.w3.org/2001/XMLSchema-instance" xsi:noNamespaceSchemaLocation="http://localhost:80/publishedContent/HOL/xsd/purchaseOrder.xsd">
   <Reference>KCHUNG-20150430135327531PDT</Reference>
   <Actions>
      <Action>
         <User>RPERKINS</User>
      </Action>
   </Actions>
   <Rejection/>
   <Requestor>Kelly Chung</Requestor>
   <User>KCHUNG</User>
   <CostCenter>A50</CostCenter>
   <ShippingInstructions>
      <name>Kelly Chung</name>
      <Address xsi:type="address_US">
      	<street>200 Sporting Green</street>
        <city>South San Francisco</city>
        <state>CA</state>
        <zipCode>99236</zipCode>
        <country>United States of America</country>
     	</Address>
      <telephone>757-709-6989</telephone>
   </ShippingInstructions>
   <SpecialInstructions>Surface Mail</SpecialInstructions>
   <LineItems>
      <LineItem ItemNumber="1">
         <Part Description="Nightwatch" UnitPrice="19.95">717951000743</Part>
         <Quantity>6.0</Quantity>
      </LineItem>
      <LineItem ItemNumber="2">
         <Part Description="The Mummy" UnitPrice="27.95">25192125829</Part>
         <Quantity>1.0</Quantity>
      </LineItem>
      <LineItem ItemNumber="3">
         <Part Description="The Chamber" UnitPrice="19.95">25192026829</Part>
         <Quantity>4.0</Quantity>
      </LineItem>
      <LineItem ItemNumber="4">
         <Part Description="What Dreams May Come" UnitPrice="19.95">44005827521</Part>
         <Quantity>5.0</Quantity>
      </LineItem>
      <LineItem ItemNumber="5">
         <Part Description="Life Of Jesus the Revolutionary" UnitPrice="19.95">56775035396</Part>
         <Quantity>3.0</Quantity>
      </LineItem>
   </LineItems>
</PurchaseOrder>

