<PurchaseOrder xmlns:xsi="http://www.w3.org/2001/XMLSchema-instance" xsi:noNamespaceSchemaLocation="http://localhost:80/publishedContent/HOL/xsd/purchaseOrder.xsd">
   <Reference>KGEE-2015040718172585PDT</Reference>
   <Actions>
      <Action>
         <User>RPERKINS</User>
      </Action>
   </Actions>
   <Rejection/>
   <Requestor>Ki Gee</Requestor>
   <User>KGEE</User>
   <CostCenter>A50</CostCenter>
   <ShippingInstructions>
      <name>Ki Gee</name>
      <Address xsi:type="address_US">
      	<street>200 Sporting Green</street>
        <city>South San Francisco</city>
        <state>CA</state>
        <zipCode>99236</zipCode>
        <country>United States of America</country>
     	</Address>
      <telephone>843-32-5858</telephone>
   </ShippingInstructions>
   <SpecialInstructions>Ground</SpecialInstructions>
   <LineItems>
      <LineItem ItemNumber="1">
         <Part Description="Operation Shark Attack, Vol. 2: Shark Attack Files" UnitPrice="19.95">56775009397</Part>
         <Quantity>1.0</Quantity>
      </LineItem>
      <LineItem ItemNumber="2">
         <Part Description="The Flying Tigers" UnitPrice="27.95">17153109986</Part>
         <Quantity>4.0</Quantity>
      </LineItem>
      <LineItem ItemNumber="3">
         <Part Description="Jesus Christ Superstar" UnitPrice="19.95">25192115622</Part>
         <Quantity>9.0</Quantity>
      </LineItem>
      <LineItem ItemNumber="4">
         <Part Description="Death Wish 5: The Face of Death" UnitPrice="19.95">31398691938</Part>
         <Quantity>2.0</Quantity>
      </LineItem>
      <LineItem ItemNumber="5">
         <Part Description="Clue" UnitPrice="19.95">97360184044</Part>
         <Quantity>1.0</Quantity>
      </LineItem>
      <LineItem ItemNumber="6">
         <Part Description="The Beast" UnitPrice="27.95">43396062009</Part>
         <Quantity>7.0</Quantity>
      </LineItem>
   </LineItems>
</PurchaseOrder>

