<PurchaseOrder xmlns:xsi="http://www.w3.org/2001/XMLSchema-instance" xsi:noNamespaceSchemaLocation="http://localhost:80/publishedContent/HOL/xsd/purchaseOrder.xsd">
   <Reference>KGEE-20150407150840793PDT</Reference>
   <Actions>
      <Action>
         <User>RPERKINS</User>
      </Action>
   </Actions>
   <Rejection/>
   <Requestor>Ki Gee</Requestor>
   <User>KGEE</User>
   <CostCenter>A50</CostCenter>
   <ShippingInstructions>
      <name>Ki Gee</name>
      <Address xsi:type="address_US">
      	<street>200 Sporting Green</street>
        <city>South San Francisco</city>
        <state>CA</state>
        <zipCode>99236</zipCode>
        <country>United States of America</country>
     	</Address>
      <telephone>655-304-4415</telephone>
   </ShippingInstructions>
   <SpecialInstructions>Priority Overnight</SpecialInstructions>
   <LineItems>
      <LineItem ItemNumber="1">
         <Part Description="Naked Gun 33 1/3: The Final Insult" UnitPrice="19.95">97363278542</Part>
         <Quantity>4.0</Quantity>
      </LineItem>
      <LineItem ItemNumber="2">
         <Part Description="Blown Away" UnitPrice="19.95">27616625991</Part>
         <Quantity>3.0</Quantity>
      </LineItem>
      <LineItem ItemNumber="3">
         <Part Description="After the Storm" UnitPrice="19.95">31398764724</Part>
         <Quantity>9.0</Quantity>
      </LineItem>
      <LineItem ItemNumber="4">
         <Part Description="The Official 2000 NBA Championship: Los Angeles Lakers" UnitPrice="19.95">696306008927</Part>
         <Quantity>8.0</Quantity>
      </LineItem>
      <LineItem ItemNumber="5">
         <Part Description="Mach 2" UnitPrice="19.95">97368603042</Part>
         <Quantity>5.0</Quantity>
      </LineItem>
      <LineItem ItemNumber="6">
         <Part Description="Pete's Dragon" UnitPrice="19.95">717951008428</Part>
         <Quantity>5.0</Quantity>
      </LineItem>
      <LineItem ItemNumber="7">
         <Part Description="Dragon Ball Z: World Tournament- The Draw" UnitPrice="19.95">704400030482</Part>
         <Quantity>4.0</Quantity>
      </LineItem>
   </LineItems>
</PurchaseOrder>

