<PurchaseOrder xmlns:xsi="http://www.w3.org/2001/XMLSchema-instance" xsi:noNamespaceSchemaLocation="http://localhost:80/publishedContent/HOL/xsd/purchaseOrder.xsd">
   <Reference>KGRANT-20150428203316738PDT</Reference>
   <Actions>
      <Action>
         <User>CJOHNSON</User>
      </Action>
   </Actions>
   <Rejection/>
   <Requestor>Kimberely Grant</Requestor>
   <User>KGRANT</User>
   <CostCenter>A0</CostCenter>
   <ShippingInstructions>
      <name>Kimberely Grant</name>
      <Address/>
      <telephone>22-646-9868</telephone>
   </ShippingInstructions>
   <SpecialInstructions>Surface Mail</SpecialInstructions>
   <LineItems>
      <LineItem ItemNumber="1">
         <Part Description="Sommersby" UnitPrice="19.95">85391264927</Part>
         <Quantity>1.0</Quantity>
      </LineItem>
      <LineItem ItemNumber="2">
         <Part Description="Enter the Dragon" UnitPrice="19.95">85391592129</Part>
         <Quantity>5.0</Quantity>
      </LineItem>
      <LineItem ItemNumber="3">
         <Part Description="Boys Don't Cry" UnitPrice="19.95">24543001737</Part>
         <Quantity>5.0</Quantity>
      </LineItem>
      <LineItem ItemNumber="4">
         <Part Description="VH-1: Behind the Music- Megadeth" UnitPrice="0.0">60768831490</Part>
         <Quantity>1.0</Quantity>
      </LineItem>
      <LineItem ItemNumber="5">
         <Part Description="Mary Poppins" UnitPrice="19.95">717951009753</Part>
         <Quantity>3.0</Quantity>
      </LineItem>
      <LineItem ItemNumber="6">
         <Part Description="Excellent Cadavers" UnitPrice="19.95">26359147326</Part>
         <Quantity>4.0</Quantity>
      </LineItem>
   </LineItems>
</PurchaseOrder>

