<PurchaseOrder xmlns:xsi="http://www.w3.org/2001/XMLSchema-instance" xsi:noNamespaceSchemaLocation="http://localhost:80/publishedContent/HOL/xsd/purchaseOrder.xsd">
   <Reference>KGRANT-20150412194414901PDT</Reference>
   <Actions>
      <Action>
         <User>CJOHNSON</User>
      </Action>
   </Actions>
   <Rejection/>
   <Requestor>Kimberely Grant</Requestor>
   <User>KGRANT</User>
   <CostCenter>A0</CostCenter>
   <ShippingInstructions>
      <name>Kimberely Grant</name>
      <Address/>
      <telephone>931-327-1887</telephone>
   </ShippingInstructions>
   <SpecialInstructions>Hand Carry</SpecialInstructions>
   <LineItems>
      <LineItem ItemNumber="1">
         <Part Description="Companeros" UnitPrice="19.95">13131154399</Part>
         <Quantity>5.0</Quantity>
      </LineItem>
      <LineItem ItemNumber="2">
         <Part Description="Strange Days" UnitPrice="19.95">86162104251</Part>
         <Quantity>8.0</Quantity>
      </LineItem>
      <LineItem ItemNumber="3">
         <Part Description="Against All Odds" UnitPrice="19.95">43396007796</Part>
         <Quantity>8.0</Quantity>
      </LineItem>
      <LineItem ItemNumber="4">
         <Part Description="Pokemon: Mystery at the Lighthouse" UnitPrice="19.95">13023012493</Part>
         <Quantity>8.0</Quantity>
      </LineItem>
      <LineItem ItemNumber="5">
         <Part Description="Making the Grade" UnitPrice="19.95">27616867759</Part>
         <Quantity>2.0</Quantity>
      </LineItem>
      <LineItem ItemNumber="6">
         <Part Description="The Year without a Santa Claus" UnitPrice="19.95">12569053724</Part>
         <Quantity>6.0</Quantity>
      </LineItem>
   </LineItems>
</PurchaseOrder>

