<PurchaseOrder xmlns:xsi="http://www.w3.org/2001/XMLSchema-instance" xsi:noNamespaceSchemaLocation="http://localhost:80/publishedContent/HOL/xsd/purchaseOrder.xsd">
   <Reference>KGRANT-20150410182951202PDT</Reference>
   <Actions>
      <Action>
         <User>CJOHNSON</User>
      </Action>
   </Actions>
   <Rejection/>
   <Requestor>Kimberely Grant</Requestor>
   <User>KGRANT</User>
   <CostCenter>A0</CostCenter>
   <ShippingInstructions>
      <name>Kimberely Grant</name>
      <Address/>
      <telephone>159-916-6219</telephone>
   </ShippingInstructions>
   <SpecialInstructions>COD</SpecialInstructions>
   <LineItems>
      <LineItem ItemNumber="1">
         <Part Description="Mighty Aphrodite" UnitPrice="19.95">717951001559</Part>
         <Quantity>5.0</Quantity>
      </LineItem>
      <LineItem ItemNumber="2">
         <Part Description="Senseless" UnitPrice="19.95">717951003454</Part>
         <Quantity>5.0</Quantity>
      </LineItem>
      <LineItem ItemNumber="3">
         <Part Description="Ginger Snaps" UnitPrice="27.95">12236122111</Part>
         <Quantity>4.0</Quantity>
      </LineItem>
      <LineItem ItemNumber="4">
         <Part Description="Joe Satriani: Live In San Francisco" UnitPrice="19.95">74645406893</Part>
         <Quantity>3.0</Quantity>
      </LineItem>
      <LineItem ItemNumber="5">
         <Part Description="Shane" UnitPrice="19.95">97360652246</Part>
         <Quantity>9.0</Quantity>
      </LineItem>
   </LineItems>
</PurchaseOrder>

