<PurchaseOrder xmlns:xsi="http://www.w3.org/2001/XMLSchema-instance" xsi:noNamespaceSchemaLocation="http://localhost:80/publishedContent/HOL/xsd/purchaseOrder.xsd">
   <Reference>LBISSOT-20150407184114858PDT</Reference>
   <Actions>
      <Action>
         <User>ACABRIO</User>
      </Action>
   </Actions>
   <Rejection/>
   <Requestor>Laura Bissot</Requestor>
   <User>LBISSOT</User>
   <CostCenter>A50</CostCenter>
   <ShippingInstructions>
      <name>Laura Bissot</name>
      <Address xsi:type="address_US">
      	<street>200 Sporting Green</street>
        <city>South San Francisco</city>
        <state>CA</state>
        <zipCode>99236</zipCode>
        <country>United States of America</country>
     	</Address>
      <telephone>651-797-2588</telephone>
   </ShippingInstructions>
   <SpecialInstructions>Surface Mail</SpecialInstructions>
   <LineItems>
      <LineItem ItemNumber="1">
         <Part Description="Slaughter" UnitPrice="19.95">27616857897</Part>
         <Quantity>5.0</Quantity>
      </LineItem>
      <LineItem ItemNumber="2">
         <Part Description="Prisoner 3" UnitPrice="27.95">733961701753</Part>
         <Quantity>7.0</Quantity>
      </LineItem>
      <LineItem ItemNumber="3">
         <Part Description="Billy Joel Live at Yankee Stadium" UnitPrice="19.95">74644906196</Part>
         <Quantity>7.0</Quantity>
      </LineItem>
      <LineItem ItemNumber="4">
         <Part Description="To Walk With Lions" UnitPrice="27.95">24543021599</Part>
         <Quantity>6.0</Quantity>
      </LineItem>
      <LineItem ItemNumber="5">
         <Part Description="Remember The Titans" UnitPrice="19.95">786936144727</Part>
         <Quantity>2.0</Quantity>
      </LineItem>
      <LineItem ItemNumber="6">
         <Part Description="Paula Abdul: Cardio Dance" UnitPrice="19.95">13131114294</Part>
         <Quantity>6.0</Quantity>
      </LineItem>
   </LineItems>
</PurchaseOrder>

