<PurchaseOrder xmlns:xsi="http://www.w3.org/2001/XMLSchema-instance" xsi:noNamespaceSchemaLocation="http://localhost:80/publishedContent/HOL/xsd/purchaseOrder.xsd">
   <Reference>LDEHAAN-20150427180500314PDT</Reference>
   <Actions>
      <Action>
         <User>MHARTSTE</User>
      </Action>
   </Actions>
   <Rejection/>
   <Requestor>Lex De Haan</Requestor>
   <User>LDEHAAN</User>
   <CostCenter>A90</CostCenter>
   <ShippingInstructions>
      <name>Lex De Haan</name>
      <Address xsi:type="address_US">
        <street>2004 Blacksmiths Court</street>
				<city>Seattle</city>
				<state>WA</state>
				<zipCode>98199</zipCode>
				<country>United States of America</country>
		  </Address>
      <telephone>935-315-9637</telephone>
   </ShippingInstructions>
   <SpecialInstructions>Courier</SpecialInstructions>
   <LineItems>
      <LineItem ItemNumber="1">
         <Part Description="Rio Grande" UnitPrice="19.95">17153345629</Part>
         <Quantity>8.0</Quantity>
      </LineItem>
      <LineItem ItemNumber="2">
         <Part Description="Shower" UnitPrice="19.95">43396050785</Part>
         <Quantity>4.0</Quantity>
      </LineItem>
      <LineItem ItemNumber="3">
         <Part Description="Harvey" UnitPrice="19.95">25192033636</Part>
         <Quantity>2.0</Quantity>
      </LineItem>
      <LineItem ItemNumber="4">
         <Part Description="That Girl 1" UnitPrice="19.95">13131133196</Part>
         <Quantity>7.0</Quantity>
      </LineItem>
      <LineItem ItemNumber="5">
         <Part Description="Twice Upon a Yesterday" UnitPrice="19.95">31398720737</Part>
         <Quantity>9.0</Quantity>
      </LineItem>
      <LineItem ItemNumber="6">
         <Part Description="Dario Argento Gift Set 1: Inferno &amp; Phenomena" UnitPrice="27.95">13131170290</Part>
         <Quantity>1.0</Quantity>
      </LineItem>
      <LineItem ItemNumber="7">
         <Part Description="Pokemon: Johto Journeys- Mission Spinarak" UnitPrice="27.95">13023154193</Part>
         <Quantity>9.0</Quantity>
      </LineItem>
   </LineItems>
</PurchaseOrder>

