<PurchaseOrder xmlns:xsi="http://www.w3.org/2001/XMLSchema-instance" xsi:noNamespaceSchemaLocation="http://localhost:80/publishedContent/HOL/xsd/purchaseOrder.xsd">
   <Reference>LDORAN-20150408225231939PDT</Reference>
   <Actions>
      <Action>
         <User>SSEWALL</User>
      </Action>
   </Actions>
   <Rejection/>
   <Requestor>Louise Doran</Requestor>
   <User>LDORAN</User>
   <CostCenter>A80</CostCenter>
   <ShippingInstructions>
      <name>Louise Doran</name>
      <Address xsi:type="address_UK">
      	<street>Magdalen Centre, The Isis Science Park</street>
				<city>Oxford</city>
				<county>Oxon.</county>
				<postcode>OX9 9ZB</postcode>
				<country>United Kingdom</country>
			</Address>
      <telephone>438-805-1447</telephone>
   </ShippingInstructions>
   <SpecialInstructions>Counter to Counter</SpecialInstructions>
   <LineItems>
      <LineItem ItemNumber="1">
         <Part Description="The Howling" UnitPrice="19.95">27616865489</Part>
         <Quantity>1.0</Quantity>
      </LineItem>
      <LineItem ItemNumber="2">
         <Part Description="The Juror" UnitPrice="19.95">43396116092</Part>
         <Quantity>1.0</Quantity>
      </LineItem>
      <LineItem ItemNumber="3">
         <Part Description="Dead Man's Walk" UnitPrice="27.95">707729113751</Part>
         <Quantity>4.0</Quantity>
      </LineItem>
   </LineItems>
</PurchaseOrder>

