<PurchaseOrder xmlns:xsi="http://www.w3.org/2001/XMLSchema-instance" xsi:noNamespaceSchemaLocation="http://localhost:80/publishedContent/HOL/xsd/purchaseOrder.xsd">
   <Reference>LOZER-20150408152030728PDT</Reference>
   <Actions>
      <Action>
         <User>SKUMAR</User>
      </Action>
   </Actions>
   <Rejection/>
   <Requestor>Lisa Ozer</Requestor>
   <User>LOZER</User>
   <CostCenter>A80</CostCenter>
   <ShippingInstructions>
      <name>Lisa Ozer</name>
      <Address xsi:type="address_UK">
      	<street>Magdalen Centre, The Isis Science Park</street>
				<city>Oxford</city>
				<county>Oxon.</county>
				<postcode>OX9 9ZB</postcode>
				<country>United Kingdom</country>
			</Address>
      <telephone>826-178-1946</telephone>
   </ShippingInstructions>
   <SpecialInstructions>Surface Mail</SpecialInstructions>
   <LineItems>
      <LineItem ItemNumber="1">
         <Part Description="Requiem for a Dream" UnitPrice="19.95">12236115670</Part>
         <Quantity>7.0</Quantity>
      </LineItem>
      <LineItem ItemNumber="2">
         <Part Description="Crosby, Stills &amp; Nash: Daylight Again" UnitPrice="27.95">4895033701057</Part>
         <Quantity>3.0</Quantity>
      </LineItem>
      <LineItem ItemNumber="3">
         <Part Description="Wat Zien Ik?" UnitPrice="19.95">13131125597</Part>
         <Quantity>9.0</Quantity>
      </LineItem>
      <LineItem ItemNumber="4">
         <Part Description="Sharpe's Battle" UnitPrice="19.95">66805916069</Part>
         <Quantity>9.0</Quantity>
      </LineItem>
      <LineItem ItemNumber="5">
         <Part Description="Disappearing Acts" UnitPrice="19.95">26359177729</Part>
         <Quantity>7.0</Quantity>
      </LineItem>
      <LineItem ItemNumber="6">
         <Part Description="A Walk in the Clouds" UnitPrice="19.95">24543008019</Part>
         <Quantity>1.0</Quantity>
      </LineItem>
   </LineItems>
</PurchaseOrder>

