<oneoff_actions>
    <oracle.rdbms.deconfig version="12.1.0.2.0" opt_req="O">
        <make change_dir="%ORACLE_HOME%/rdbms/lib" make_file="ins_rdbms.mk" make_target="libasmclntsh12.ohso"/>
    </oracle.rdbms.deconfig>
    <oracle.xdk version="12.1.0.2.0" opt_req="O">
        <copy name="xmlpatch" path="%ORACLE_HOME%/bin" file_name="bin/xmlpatch"/>
        <copy name="xmldiff" path="%ORACLE_HOME%/bin" file_name="bin/xmldiff"/>
        <copy name="xsl" path="%ORACLE_HOME%/bin" file_name="bin/xsl"/>
        <copy name="xmlcg" path="%ORACLE_HOME%/bin" file_name="bin/xmlcg"/>
        <copy name="xvm" path="%ORACLE_HOME%/bin" file_name="bin/xvm"/>
    </oracle.xdk>
    <oracle.tfa version="12.1.0.2.0" opt_req="O">
        <copy name="orachk.zip" path="%ORACLE_HOME%/suptools" file_name="suptools/orachk.zip"/>
        <copy name="tfa_setup" path="%ORACLE_HOME%/crs/install" file_name="crs/install/tfa_setup"/>
    </oracle.tfa>
    <oracle.rdbms.util version="12.1.0.2.0" opt_req="O">
        <copy name="diaus.msg" path="%ORACLE_HOME%/rdbms/mesg" file_name="rdbms/mesg/diaus.msg"/>
    </oracle.rdbms.util>
    <oracle.rdbms version="12.1.0.2.0" opt_req="O">
        <archive name="libserver12.a" path="%ORACLE_HOME%/lib" object_name="lib/libserver12.a/kcb.o"/>
        <archive name="libserver12.a" path="%ORACLE_HOME%/lib" object_name="lib/libserver12.a/kcbb.o"/>
        <archive name="libserver12.a" path="%ORACLE_HOME%/lib" object_name="lib/libserver12.a/kcbw.o"/>
        <archive name="libserver12.a" path="%ORACLE_HOME%/lib" object_name="lib/libserver12.a/kcbz.o"/>
        <archive name="libserver12.a" path="%ORACLE_HOME%/lib" object_name="lib/libserver12.a/kcl.o"/>
        <archive name="libserver12.a" path="%ORACLE_HOME%/lib" object_name="lib/libserver12.a/kjxgm.o"/>
        <archive name="libserver12.a" path="%ORACLE_HOME%/lib" object_name="lib/libserver12.a/kjfc.o"/>
        <archive name="libserver12.a" path="%ORACLE_HOME%/lib" object_name="lib/libserver12.a/dbkifw.o"/>
        <archive name="libserver12.a" path="%ORACLE_HOME%/lib" object_name="lib/libserver12.a/kkm.o"/>
        <archive name="libserver12.a" path="%ORACLE_HOME%/lib" object_name="lib/libserver12.a/qcis.o"/>
        <archive name="libserver12.a" path="%ORACLE_HOME%/lib" object_name="lib/libserver12.a/kql.o"/>
        <archive name="libserver12.a" path="%ORACLE_HOME%/lib" object_name="lib/libserver12.a/rfmon.o"/>
        <archive name="libserver12.a" path="%ORACLE_HOME%/lib" object_name="lib/libserver12.a/krvg.o"/>
        <archive name="libserver12.a" path="%ORACLE_HOME%/lib" object_name="lib/libserver12.a/krvt.o"/>
        <archive name="libserver12.a" path="%ORACLE_HOME%/lib" object_name="lib/libserver12.a/kpdb.o"/>
        <archive name="libserver12.a" path="%ORACLE_HOME%/lib" object_name="lib/libserver12.a/kpdba.o"/>
        <archive name="libserver12.a" path="%ORACLE_HOME%/lib" object_name="lib/libserver12.a/kpdbc.o"/>
        <archive name="libserver12.a" path="%ORACLE_HOME%/lib" object_name="lib/libserver12.a/kpdbcv.o"/>
        <archive name="libserver12.a" path="%ORACLE_HOME%/lib" object_name="lib/libserver12.a/kpdbd.o"/>
        <archive name="libserver12.a" path="%ORACLE_HOME%/lib" object_name="lib/libserver12.a/kpdbe.o"/>
        <archive name="libserver12.a" path="%ORACLE_HOME%/lib" object_name="lib/libserver12.a/kpdbf.o"/>
        <archive name="libserver12.a" path="%ORACLE_HOME%/lib" object_name="lib/libserver12.a/kpdbicd.o"/>
        <archive name="libserver12.a" path="%ORACLE_HOME%/lib" object_name="lib/libserver12.a/kpdbs.o"/>
        <archive name="libserver12.a" path="%ORACLE_HOME%/lib" object_name="lib/libserver12.a/kpdbutl.o"/>
        <archive name="libserver12.a" path="%ORACLE_HOME%/lib" object_name="lib/libserver12.a/kpodp.o"/>
        <archive name="libserver12.a" path="%ORACLE_HOME%/lib" object_name="lib/libserver12.a/kpolon.o"/>
        <archive name="libserver12.a" path="%ORACLE_HOME%/lib" object_name="lib/libserver12.a/kfd.o"/>
        <archive name="libserver12.a" path="%ORACLE_HOME%/lib" object_name="lib/libserver12.a/kfdp.o"/>
        <archive name="libserver12.a" path="%ORACLE_HOME%/lib" object_name="lib/libserver12.a/kfds.o"/>
        <archive name="libserver12.a" path="%ORACLE_HOME%/lib" object_name="lib/libserver12.a/kff.o"/>
        <archive name="libserver12.a" path="%ORACLE_HOME%/lib" object_name="lib/libserver12.a/kffm.o"/>
        <archive name="libserver12.a" path="%ORACLE_HOME%/lib" object_name="lib/libserver12.a/kfg.o"/>
        <archive name="libserver12.a" path="%ORACLE_HOME%/lib" object_name="lib/libserver12.a/kfgb.o"/>
        <archive name="libserver12.a" path="%ORACLE_HOME%/lib" object_name="lib/libserver12.a/kfiof.o"/>
        <archive name="libserver12.a" path="%ORACLE_HOME%/lib" object_name="lib/libserver12.a/kfn.o"/>
        <archive name="libserver12.a" path="%ORACLE_HOME%/lib" object_name="lib/libserver12.a/kfnm.o"/>
        <archive name="libserver12.a" path="%ORACLE_HOME%/lib" object_name="lib/libserver12.a/kfnp.o"/>
        <archive name="libserver12.a" path="%ORACLE_HOME%/lib" object_name="lib/libserver12.a/kfns.o"/>
        <archive name="libserver12.a" path="%ORACLE_HOME%/lib" object_name="lib/libserver12.a/kfpkg.o"/>
        <archive name="libserver12.a" path="%ORACLE_HOME%/lib" object_name="lib/libserver12.a/kfrc.o"/>
        <archive name="libserver12.a" path="%ORACLE_HOME%/lib" object_name="lib/libserver12.a/kfsp.o"/>
        <archive name="libserver12.a" path="%ORACLE_HOME%/lib" object_name="lib/libserver12.a/kdd.o"/>
        <archive name="libserver12.a" path="%ORACLE_HOME%/lib" object_name="lib/libserver12.a/kdlxdup.o"/>
        <archive name="libserver12.a" path="%ORACLE_HOME%/lib" object_name="lib/libserver12.a/kcffo.o"/>
        <archive name="libserver12.a" path="%ORACLE_HOME%/lib" object_name="lib/libserver12.a/kcv.o"/>
        <archive name="libserver12.a" path="%ORACLE_HOME%/lib" object_name="lib/libserver12.a/kcvfdb.o"/>
        <archive name="libserver12.a" path="%ORACLE_HOME%/lib" object_name="lib/libserver12.a/krsd.o"/>
        <archive name="libserver12.a" path="%ORACLE_HOME%/lib" object_name="lib/libserver12.a/gra.o"/>
        <archive name="libserver12.a" path="%ORACLE_HOME%/lib" object_name="lib/libserver12.a/kzp.o"/>
        <archive name="libserver12.a" path="%ORACLE_HOME%/lib" object_name="lib/libserver12.a/kzr.o"/>
        <archive name="libserver12.a" path="%ORACLE_HOME%/lib" object_name="lib/libserver12.a/kzsr.o"/>
        <archive name="libserver12.a" path="%ORACLE_HOME%/lib" object_name="lib/libserver12.a/kzu.o"/>
        <archive name="libserver12.a" path="%ORACLE_HOME%/lib" object_name="lib/libserver12.a/kzup.o"/>
        <archive name="libserver12.a" path="%ORACLE_HOME%/lib" object_name="lib/libserver12.a/updexe.o"/>
        <archive name="libserver12.a" path="%ORACLE_HOME%/lib" object_name="lib/libserver12.a/kerutl.o"/>
        <archive name="libserver12.a" path="%ORACLE_HOME%/lib" object_name="lib/libserver12.a/ksfd.o"/>
        <archive name="libserver12.a" path="%ORACLE_HOME%/lib" object_name="lib/libserver12.a/ksp.o"/>
        <archive name="libserver12.a" path="%ORACLE_HOME%/lib" object_name="lib/libserver12.a/kspt.o"/>
        <archive name="libserver12.a" path="%ORACLE_HOME%/lib" object_name="lib/libserver12.a/ksu.o"/>
        <archive name="libserver12.a" path="%ORACLE_HOME%/lib" object_name="lib/libserver12.a/qmxstr.o"/>
        <copy name="bundledata_PSU.xml" path="%ORACLE_HOME%/rdbms/admin" file_name="rdbms/admin/bundledata_PSU.xml"/>
        <make change_dir="%ORACLE_HOME%/rdbms/lib" make_file="ins_rdbms.mk" make_target="client_sharedlib"/>
        <make change_dir="%ORACLE_HOME%/rdbms/lib" make_file="ins_rdbms.mk" make_target="iamdu"/>
        <make change_dir="%ORACLE_HOME%/rdbms/lib" make_file="ins_rdbms.mk" make_target="ikfed"/>
        <make change_dir="%ORACLE_HOME%/rdbms/lib" make_file="ins_rdbms.mk" make_target="ioracle"/>
        <onewaycopy name="bug19532017_downgrade.sql" path="%ORACLE_HOME%/rdbms/admin" file_name="rdbms/admin/bug19532017_downgrade.sql"/>
        <onewaycopy name="bug19532017_upgrade.sql" path="%ORACLE_HOME%/rdbms/admin" file_name="rdbms/admin/bug19532017_upgrade.sql"/>
        <onewaycopy name="catbundle.sql" path="%ORACLE_HOME%/rdbms/admin" file_name="rdbms/admin/catbundle.sql"/>
        <onewaycopy name="dbmsqopi.sql" path="%ORACLE_HOME%/rdbms/admin" file_name="rdbms/admin/dbmsqopi.sql"/>
        <onewaycopy name="prvtqopi.plb" path="%ORACLE_HOME%/rdbms/admin" file_name="rdbms/admin/prvtqopi.plb"/>
        <onewaycopy name="dbmssqlpatch.sql" path="%ORACLE_HOME%/rdbms/admin" file_name="rdbms/admin/dbmssqlpatch.sql"/>
        <onewaycopy name="prvtsqlpatch.plb" path="%ORACLE_HOME%/rdbms/admin" file_name="rdbms/admin/prvtsqlpatch.plb"/>
        <onewaycopy name="sqlpatch_bootstrap.sql" path="%ORACLE_HOME%/sqlpatch" file_name="sqlpatch/sqlpatch_bootstrap.sql"/>
        <onewaycopy name="sqlpatch.pm" path="%ORACLE_HOME%/sqlpatch" file_name="sqlpatch/sqlpatch.pm"/>
        <onewaycopy name="sqlpatch.pl" path="%ORACLE_HOME%/sqlpatch" file_name="sqlpatch/sqlpatch.pl"/>
        <onewaycopy name="sqlpatch" path="%ORACLE_HOME%/sqlpatch" file_name="sqlpatch/sqlpatch"/>
        <onewaycopy name="bug19532017_downgrade.sql" path="%ORACLE_HOME%/sqlpatch/19769480/18350083/rollback_files/rdbms/admin" file_name="sqlpatch/19769480/18350083/rollback_files/rdbms/admin/bug19532017_downgrade.sql"/>
        <onewaycopy name="utluppkg.sql" path="%ORACLE_HOME%/sqlpatch/19769480/18350083/rollback_files/rdbms/admin" file_name="sqlpatch/19769480/18350083/rollback_files/rdbms/admin/utluppkg.sql"/>
        <onewaycopy name="prvtpckl.plb" path="%ORACLE_HOME%/sqlpatch/19769480/18350083/rollback_files/rdbms/admin" file_name="sqlpatch/19769480/18350083/rollback_files/rdbms/admin/prvtpckl.plb"/>
        <onewaycopy name="19769480_apply.sql" path="%ORACLE_HOME%/sqlpatch/19769480/18350083" file_name="sqlpatch/19769480/18350083/19769480_apply.sql"/>
        <onewaycopy name="19769480_rollback.sql" path="%ORACLE_HOME%/sqlpatch/19769480/18350083" file_name="sqlpatch/19769480/18350083/19769480_rollback.sql"/>
    </oracle.rdbms>
    <oracle.rdbms.dbscripts version="12.1.0.2.0" opt_req="O">
        <copy name="catctl.pl" path="%ORACLE_HOME%/rdbms/admin" file_name="rdbms/admin/catctl.pl"/>
        <copy name="catlmnr.sql" path="%ORACLE_HOME%/rdbms/admin" file_name="rdbms/admin/catlmnr.sql"/>
        <copy name="catmmig.sql" path="%ORACLE_HOME%/rdbms/admin" file_name="rdbms/admin/catmmig.sql"/>
        <copy name="catupstr.sql" path="%ORACLE_HOME%/rdbms/admin" file_name="rdbms/admin/catupstr.sql"/>
        <copy name="noncdb_to_pdb.sql" path="%ORACLE_HOME%/rdbms/admin" file_name="rdbms/admin/noncdb_to_pdb.sql"/>
        <copy name="utluppkg.sql" path="%ORACLE_HOME%/rdbms/admin" file_name="rdbms/admin/utluppkg.sql"/>
        <copy name="utlusts.sql" path="%ORACLE_HOME%/rdbms/admin" file_name="rdbms/admin/utlusts.sql"/>
        <copy name="prvtpckl.plb" path="%ORACLE_HOME%/rdbms/admin" file_name="rdbms/admin/prvtpckl.plb"/>
    </oracle.rdbms.dbscripts>
    <oracle.xdk.parser.java version="12.1.0.2.0" opt_req="O">
        <copy name="xml" path="%ORACLE_HOME%/bin" file_name="bin/xml"/>
    </oracle.xdk.parser.java>
    <oracle.oraolap version="12.1.0.2.0" opt_req="O">
        <archive name="liboraolap12.a" path="%ORACLE_HOME%/lib" object_name="lib/liboraolap12.a/xsfisop.o"/>
        <archive name="liboraolap12.a" path="%ORACLE_HOME%/lib" object_name="lib/liboraolap12.a/xsiosec.o"/>
    </oracle.oraolap>
    <oracle.xdk.rsf version="12.1.0.2.0" opt_req="O">
        <archive name="libxml12.a" path="%ORACLE_HOME%/lib" object_name="lib/libxml12.a/lpxfsmbuf.o"/>
    </oracle.xdk.rsf>
    <oracle.rdbms.rsf version="12.1.0.2.0" opt_req="O">
        <archive name="libasmclntsh12.a" path="%ORACLE_HOME%/lib" object_name="lib/libasmclntsh12.a/kfmu.o"/>
        <archive name="libasmclntsh12.a" path="%ORACLE_HOME%/lib" object_name="lib/libasmclntsh12.a/kgfz.o"/>
        <archive name="libasmclnt12.a" path="%ORACLE_HOME%/lib" object_name="lib/libasmclnt12.a/kfmu.o"/>
        <archive name="libasmclnt12.a" path="%ORACLE_HOME%/lib" object_name="lib/libasmclnt12.a/kgfz.o"/>
        <archive name="libgeneric12.a" path="%ORACLE_HOME%/lib" object_name="lib/libgeneric12.a/qcdl.o"/>
        <archive name="libgeneric12.a" path="%ORACLE_HOME%/lib" object_name="lib/libgeneric12.a/kgl.o"/>
        <archive name="libgeneric12.a" path="%ORACLE_HOME%/lib" object_name="lib/libgeneric12.a/kgl2.o"/>
        <archive name="libgeneric12.a" path="%ORACLE_HOME%/lib" object_name="lib/libgeneric12.a/kgsc.o"/>
        <archive name="libgeneric12.a" path="%ORACLE_HOME%/lib" object_name="lib/libgeneric12.a/qci.o"/>
        <archive name="libgeneric12.a" path="%ORACLE_HOME%/lib" object_name="lib/libgeneric12.a/qcs.o"/>
        <archive name="libgeneric12.a" path="%ORACLE_HOME%/lib" object_name="lib/libgeneric12.a/qcs2.o"/>
        <archive name="libgeneric12.a" path="%ORACLE_HOME%/lib" object_name="lib/libgeneric12.a/qcsvctx.o"/>
        <archive name="libgeneric12.a" path="%ORACLE_HOME%/lib" object_name="lib/libgeneric12.a/qmxsax.o"/>
        <copy name="diaus.msb" path="%ORACLE_HOME%/rdbms/mesg" file_name="rdbms/mesg/diaus.msb"/>
        <copy name="diaus.msg" path="%ORACLE_HOME%/rdbms/mesg" file_name="rdbms/mesg/diaus.msg"/>
        <copy name="oraus.msb" path="%ORACLE_HOME%/rdbms/mesg" file_name="rdbms/mesg/oraus.msb"/>
        <copy name="oraus.msg" path="%ORACLE_HOME%/rdbms/mesg" file_name="rdbms/mesg/oraus.msg"/>
        <copy name="libzt12.a" path="%ORACLE_HOME%/lib" file_name="lib/libzt12.a"/>
        <make change_dir="%ORACLE_HOME%/network/lib" make_file="ins_net_client.mk" make_target="client_sharedlib"/>
        <make change_dir="%ORACLE_HOME%/rdbms/lib" make_file="ins_rdbms.mk" make_target="libasmclntsh12.ohso"/>
    </oracle.rdbms.rsf>
    <oracle.rdbms.rman version="12.1.0.2.0" opt_req="O">
        <make change_dir="%ORACLE_HOME%/rdbms/lib" make_file="ins_rdbms.mk" make_target="irman"/>
    </oracle.rdbms.rman>
    <oracle.ldap.rsf version="12.1.0.2.0" opt_req="O">
        <copy name="libzt12.a" path="%ORACLE_HOME%/lib" file_name="lib/libzt12.a"/>
        <copy name="libnnzst12.a" path="%ORACLE_HOME%/lib" file_name="lib/libnnzst12.a"/>
        <copy name="libnnz12.a" path="%ORACLE_HOME%/lib" file_name="lib/libnnz12.a"/>
        <copy name="libcryptocme.sig" path="%ORACLE_HOME%/lib" file_name="lib/libcryptocme.sig"/>
        <copy name="libcryptocme.so" path="%ORACLE_HOME%/lib" file_name="lib/libcryptocme.so"/>
        <copy name="libccme_asym.so" path="%ORACLE_HOME%/lib" file_name="lib/libccme_asym.so"/>
        <copy name="libccme_base.so" path="%ORACLE_HOME%/lib" file_name="lib/libccme_base.so"/>
        <copy name="libccme_ecc.so" path="%ORACLE_HOME%/lib" file_name="lib/libccme_ecc.so"/>
        <copy name="libccme_ecc_accel_fips.so" path="%ORACLE_HOME%/lib" file_name="lib/libccme_ecc_accel_fips.so"/>
    </oracle.ldap.rsf>
    <oracle.ldap.rsf.ic version="12.1.0.2.0" opt_req="O">
        <copy name="libnnz12.so" path="%ORACLE_HOME%/lib" file_name="lib/libnnz12.so"/>
    </oracle.ldap.rsf.ic>
</oneoff_actions>
