<oneoff_inventory>
<constituent active="21359755"/>
    <opack_version version="13.1.0.1.1"/>
    <patch_description>Database Patch Set Update : 12.1.0.2.2 (19769480)</patch_description>
    <patch_id number="19769480"/>
    <minimum_opatch_version>12.1.0.1.4</minimum_opatch_version>
    <unique_patch_id>18350083</unique_patch_id>
    <cannot_autorollback>false</cannot_autorollback>
    <date_of_patch year="2014" month="Dec" day="15" time="06:54:52 hrs" zone="PST8PDT"/>
    <base_bugs>
        <bug number="20284155" description="121022GIPSU DATAPATCH HIT CANT DETERMINE CURRENT OPATCH STATU ON 1 OF 2 DBS"/>
        <bug number="19157754" description="TT12.2SQLFUZZ2  PDB RENAME THROWS ORA-1031 FOR PDB LOCAL ADMIN USER"/>
        <bug number="18885870" description="TT12.1.0.2SQLFUZZ2  PDB SYNC FAILS EVEN AFTER CONFLICTING CMN USER DROPPED@ROOT"/>
        <bug number="19303936" description="DATABASE PATCH SET UPDATE 12.1.0.2.1 (OCT2014)"/>
        <bug number="19708632" description="INSTALL BUNDLES BEFORE INSTALLING ONE OFFS AND JVM FIXES FIRST"/>
        <bug number="19371175" description="TT12.2SQLFUZZ2  SET CON DOESN'T FAIL IF PRIV GRANTED TO ROLE NOT ENABLED BY DFLT"/>
        <bug number="18618122" description="MALFORMED REDO GENERATED DURING PIECE-WISE SF-LOB DEDUP DML"/>
        <bug number="19329654" description="RMAN TEST HIT ORA-600[KPDBGETOPERLOCK-INCOMPATIBLE] STSRM RUN"/>
        <bug number="19075256" description="TT12.1.0.2SQLFUZZ2  PDB RENAME THROWS ORA-600 IF PRECEDED BY A FAILED RENAME"/>
        <bug number="19074147" description="ASM INSTANCE CRASHED TRYING TO MOUNT RECO DG AFTER REMOVING SECOND JBOD"/>
        <bug number="19044962" description="DATAPATCH  FAILURE IN CATCHING ERRORS AND WARNINGS REPORTED DURING POST APPLY."/>
        <bug number="19289642" description="Fix for Bug 19289642"/>
        <bug number="19068610" description="ORA-16000 OPENING DISABLED PDB(PDBSEED) ON STANDBY DB"/>
        <bug number="18988834" description="Fix for Bug 18988834"/>
        <bug number="19028800" description="TT12.1.0.2SQLFUZZ2  PDB SYNC DOESN'T DROP RE-CREATED ORPHAN USER EVEN AFTER CASC"/>
        <bug number="19561643" description="QUERYABLE INVENTORY AND CATCON ERROR DURING 121021DBBP RC3 DROP APPLICATION"/>
        <bug number="19058490" description="ORA-00600 [2344] REPORTED IN AUXILIARY INSTANCE DURING PDB PITR"/>
        <bug number="19390567" description="CAN'T LOAD ORACLE.SO AFTER UPGRADE TO LABEL 12.1.0.2DBBP"/>
        <bug number="18967382" description="LCK1 (OSPID  14710) WAITS FOR EVENT 'LIBCACHE INTE"/>
        <bug number="19174942" description="AFTER UPGRADE  FROM 121012 NEW CLONED PDB OPENS WITH WARNINGS IN RESTRICTED MODE"/>
        <bug number="19174521" description="DBMS_SQLPATCH.INITIALIZE NEEDS TO HANDLE THE CASE WHERE BUNDLEDATA DOESN'T EXIST"/>
        <bug number="19176223" description="TT12.1.0.2SQLFUZZ2  PDB SYNC FAILS TO REPLAY COMMON ADMIN GRANT"/>
        <bug number="19501299" description="DATAPATCH CATCONEXEC  CATCONINIT HAS NOT BEEN RUN"/>
        <bug number="19178851" description="SOLSP-12.1-GH  MOVE DATABASE FAILED BECAUSE CAN'T LOAD ORACLE.SO"/>
        <bug number="18948177" description="ORA-00600 [KFDJOIN3] DURING DISK GROUP MOUNT ON ODA"/>
        <bug number="18674047" description="LOGMINER KEEPS SPINNING ON CPU AFTER UPGRADE TO 11.2.0.4"/>
        <bug number="19723336" description="PREREQ CHECK FOR UPGRADE MODE DOES NOT WORK PROPERLY IN SINGLE TENANT CASE"/>
        <bug number="19189525" description="ENHANCE SQLPATCH BOOTSTRAPPING CODE"/>
        <bug number="19001390" description="PDB SYSTEM TABLESPACE MEDIA FAILURE , CAUSES THE WHOLE CDB TO CRASH"/>
        <bug number="19176326" description="ORA 600 [KTLIPROTECTMETATABLE_1]  CAN OCCUR DURING PDB CLOSE"/>
        <bug number="19280225" description="ALLOW CORRUPTED PDB TO BE CLOSED &amp;amp; DROPPED WHEN ARCHIVE LOGGING IS NOT ENABLED"/>
        <bug number="19143550" description="TT12.2SQLFUZZ2  SET CONTAINER FROM CLOSED PDB TO ROOT/OTHER PDBS THROWS ORA-1031"/>
        <bug number="18250893" description="TT12.1.0.2SQLFUZZ2  DATABASE GUARD ALL BLOCKS ALTER SESSION SET CONTAINER"/>
        <bug number="19180770" description="FAILOVER CAN HANG IN BYSTANDER CONFIG AND COMMUNICATION IS TAKING LONG"/>
        <bug number="19155797" description="ORA-00600 [KFGBPUBLISHRECOVERYTS_1] IN ASM RBAL"/>
        <bug number="19016730" description="QUERY OF PUBLIC SYNONYM FOR OBJECT LINKED VIEW FAILS W/ ORA-00942"/>
        <bug number="19185876" description="HIT ORA-00600 [KJSHASH !MHINT] ON 1ST NODE DURING PATCH GI"/>
        <bug number="18354830" description="ORA-600 [KPODPMKS_50] HAPPENS ON MORE THAN ONE PORT"/>
        <bug number="19067244" description="ORA-600  [KCLCHKBLK_3] CAN OCCUR DURING BAST IN RAC ENV"/>
        <bug number="18845653" description="TT12.1.0.2SQLFUZZ2  PDB CLOSE THROWS ORA-600 IF PDB RENAMED IN ANOTHER SESSION"/>
        <bug number="18849537" description="IN CDB MODE, A VERY LITTLE CHANCE TO HIT ORA-600 ON QMXSAXCREATEDOCTYPEXOB"/>
        <bug number="18964978" description="DATAPATCH -APPLY PATCHID/PATCHUID -FORCE HAS NULL PATCH DESCRIPTION"/>
        <bug number="19065556" description="INT$ VIEWS ADDED FOR OBL SUPPORT SHOULD BE REMOVED"/>
        <bug number="19440586" description="ASM FIRST MOUNT SHOULD FENCE OLD CLIENT INSTANCES"/>
        <bug number="19439759" description="ORA-600 [KPDB-BAD-PDB], [255], [1] DURING CREATE PLUGGABLE DB"/>
        <bug number="19024808" description="CRS INSTALL FAILS, PROT-1  FAILED TO INITIALIZE OCRCONFIG, PROC-26"/>
        <bug number="18952989" description="INSTANCE CRASH IN THE MIDDLE OF A RECONFIG CAN DUMP UNKNOWN NETWORK INTERFACES"/>
        <bug number="18990693" description="Fix for Bug 18990693"/>
        <bug number="19052488" description="TT12.1.0.2SQLFUZZ2  PDB SYNC RUNS COMMON PROFILE DDLS EVEN WHEN VIOLATION EXIST"/>
        <bug number="19189317" description="ORA-907 REPORTED BY DBUA RESULTING FROM CALL TO DATAPATCH"/>
        <bug number="19409212" description="PDBS WRONG STATUS WHEN APPLYING DATAPATCH DURING UPGRADE"/>
        <bug number="19124589" description="ORA-7445 [QMXSTRGENXDIFFCONTEXT()+234] [ACCESS_VIOLATION]"/>
        <bug number="19154375" description="INT ERROR CAN OCCUR DURING UNPLUG OF A PDB THAT IS NOT  SAME AS CDB'S VERSION"/>
        <bug number="19279273" description="STANDBY DATABASE SEARCHES INCORRECT DIRECTORY DURING PDB PLUGIN OPERATION"/>
        <bug number="19468347" description="ORA-44003  INVALID SQL NAME WITH DATAPATCH ON 12.1.0.2.1 RC1"/>
        <bug number="19054077" description="TT12.1.0.2SQLFUZZ2  PDB SYNC RAISES FALSE SYNC WARNING FOR DROPPED PROFILE"/>
        <bug number="19048007" description="TT12.1.0.2SQLFUZZ2  PDB SYNC CAN RESULT INTO INCORRECT PROFILE PARAMETERS IN PDB"/>
        <bug number="19248799" description="ORA-65139 (RDBA MISMATCH) ON UNPLUG/PLUG AFTER UPGRADE/DOWNGRADE"/>
        <bug number="19018206" description="ORA-7445 [KGSCLOGOFF()+95] CAN OCCUR DURING LOGOFF"/>
        <bug number="18921743" description="INTERNAL ERROR CAN OCCUR DURING CDB CLONE"/>
        <bug number="14643995" description="ONLY 1 SQLPATCH INVOCATION AT A TIME"/>
        <bug number="18456643" description="AMDU ERRORS OUT IF A DISK WHICH WAS NOT PART OF A DISKGROUP WAS NOT READABLE"/>
        <bug number="16870214" description="DB STARTUP FAILS WITH ORA-17510 IF SPFILE IS IN 4K SECTOR SIZE DISKGROUP"/>
        <bug number="19434529" description="ORA-4031  ('SHARED POOL','UNKNOWN OBJECT','KGLH0^AA4B4A16','KGLHEAPINITIALIZE')"/>
        <bug number="19706965" description="INCLUDE TFA COLLECTOR VERSION 12.1.2.1.0  IN 12.1.0.2 JAN DB PSU"/>
        <bug number="17835294" description="MALFORMED REDO (INCOMPLETE START UPDATE LKR WITHOUT MATCHING END)  FOR OLTP"/>
        <bug number="20074391" description="PSU 11.2.0.3.13 POST-DEINSTALLATION   CATBUNDLE RETURNS ORA-20000  ORU-10027"/>
        <bug number="18791688" description="HIT ORA-4023 AND FAILED TO UPGRADE FROM 11.2.0.4 TO 12.1.0.2"/>
        <bug number="19197175" description="Fix for Bug 19197175"/>
        <bug number="19134173" description="ORA-600 [KGHFRF NXT] DURING STRESS TESTS"/>
        <bug number="19174430" description="CDB  OCI HIT ORA 7445 [KCBZPS] &amp;amp;ORA 600 [15709]"/>
        <bug number="19050649" description="PDB2 OPEN MODE = [] NO POST UPGRADE WILL BE PERFORMED"/>
        <bug number="19769480" description="DATABASE PATCH SET UPDATE 12.1.0.2.2 (JAN2015)"/>
        <bug number="19077215" description="PDB SYNC  PROXY AUTHORIZATION NOT GRANTED TO THE PDB DURING PDB SYNC"/>
        <bug number="19577410" description="ORA-600 [4882] SIGNALED BY JOB PROCESS"/>
        <bug number="18288842" description="12.1.0.2 HOTCLONE FAILS TO DISALLOW DATAFILE CHANGES ON THE SOURCE PDB."/>
        <bug number="18436647" description="Fix for Bug 18436647"/>
        <bug number="19520602" description="-FORCE ROLLBACK DOES NOT CHECK REGISTRY FOR BUNDLE STATUS"/>
        <bug number="19149990" description="TT12.1.0.2SQLFUZZ2  PDB SYNC ISSUES WITH MULTI-USER GRANT CONNECT THROUGH DDL"/>
        <bug number="19076343" description="ORA-600 [14005] CAN OCCUR ALONG WITH FAILED CONNECT IN CDB ENV"/>
        <bug number="19195895" description="ORA-16000  DATABASE OPEN FOR READ-ONLY ACCESS"/>
        <bug number="18610915" description="INTERMITTENT SEGMENTATION FAULT DURING NZ/PRNG INIT"/>
        <bug number="19068970" description="ORA-65023 AFTER SELECT WHEN SWITCHING CONTAINERS WITH DISABLED TABLE LOCK"/>
        <bug number="19518079" description="DBA_REGISTRY_HISTORY IS NOT UPDATED DURING UPGRADE TO 12.1.0.2"/>
        <bug number="19304354" description="KFOD CREATE CREDENTIAL FILE FOR ASMCC FAILED"/>
        <bug number="19001359" description="PDB SYNC  SYNC VIOLATIONS NOT REPORTED FOR UPGRADED NCDB DATABASE PLUGGED AS PDB"/>
        <bug number="19676905" description="CDB OGG   CLOSING PDB HIT ORA 7445 [KPDBAKILLPDBSESSIONS]"/>
        <bug number="19309466" description="Fix for Bug 19309466"/>
        <bug number="19382851" description="ORA-1031 DURING MVIEW CREATION/REFRESH"/>
        <bug number="18964939" description="ORA-7445 [__INTEL_NEW_MEMCPY()+6080] DBMS_AQADM.CREATE_QUEUE_TABLE WITH EDITIONS"/>
        <bug number="16359751" description="ORA-600[QCSGPVC TBL2EVCOLNO COLUMNS] DURING INSERT"/>
        <bug number="19022470" description="TT12.1.0.2SQLFUZZ2  PDB SYNC CAN SKIP PROXY AUTH GRANT IF ROLE CHANGED TO SECURE"/>
        <bug number="19532017" description="MISING CON$ INDEX = GG PERFORMANCE ISSUE"/>
        <bug number="19597439" description="PRIMARY DATABASE AUTO BLOCK MEDIA RECOVERY NOT WORKING WITH FAR SYNC"/>
        <bug number="18674024" description="GOT LOCKING AND LIBRARY CACHE PIN ISSUES CAUSING DOWNTIME"/>
        <bug number="19430401" description="PDB RELOCATE CLOSES PDB TOO QUICKLY"/>
    </base_bugs>
    <required_components>
        <component internal_name="oracle.rdbms.crs" version="12.1.0.2.0" opt_req="O"/>
        <component internal_name="oracle.rdbms.deconfig" version="12.1.0.2.0" opt_req="O"/>
        <component internal_name="oracle.xdk" version="12.1.0.2.0" opt_req="O"/>
        <component internal_name="oracle.tfa" version="12.1.0.2.0" opt_req="O"/>
        <component internal_name="oracle.rdbms.util" version="12.1.0.2.0" opt_req="O"/>
        <component internal_name="oracle.rdbms" version="12.1.0.2.0" opt_req="O"/>
        <component internal_name="oracle.has.crs" version="12.1.0.2.0" opt_req="O"/>
        <component internal_name="oracle.rdbms.dbscripts" version="12.1.0.2.0" opt_req="O"/>
        <component internal_name="oracle.xdk.parser.java" version="12.1.0.2.0" opt_req="O"/>
        <component internal_name="oracle.oraolap" version="12.1.0.2.0" opt_req="O"/>
        <component internal_name="oracle.xdk.rsf" version="12.1.0.2.0" opt_req="O"/>
        <component internal_name="oracle.rdbms.rsf" version="12.1.0.2.0" opt_req="O"/>
        <component internal_name="oracle.rdbms.rman" version="12.1.0.2.0" opt_req="O"/>
        <component internal_name="oracle.ldap.rsf" version="12.1.0.2.0" opt_req="O"/>
        <component internal_name="oracle.ldap.rsf.ic" version="12.1.0.2.0" opt_req="O"/>
    </required_components>
    <os_platforms>
        <platform name="Linux x86-64" id="226"/>
    </os_platforms>
    <executables>
        <executable path="%ORACLE_HOME%/bin/oracle"/>
        <executable path="%ORACLE_HOME%/bin/rman"/>
        <executable path="%ORACLE_HOME%/bin/kfed"/>
        <executable path="%ORACLE_HOME%/bin/amdu"/>
        <executable path="%ORACLE_HOME%/lib/libclntsh.so.12.1"/>
        <executable path="%ORACLE_HOME%/lib/libasmclntsh12.so"/>
    </executables>
    <instance_shutdown>true</instance_shutdown>
    <instance_shutdown_message></instance_shutdown_message>
    <online_rac_installable>true</online_rac_installable>
    <run_as_root>false</run_as_root>
    <sql_migrate>false</sql_migrate>
    <sql_patch>true</sql_patch>
    <sql_patch_database_startup_mode>normal</sql_patch_database_startup_mode>
    <wls_prereq_oneoffs></wls_prereq_oneoffs>
    <prereq_oneoffs></prereq_oneoffs>
    <coreq_oneoffs></coreq_oneoffs>
    <overlay_oneoffs></overlay_oneoffs>
    <patch_type value="singleton"/>
    <patch_language value="en"/>
    <product_family value="db"/>
    <patching_model value="one-off"/>
    <auto>false</auto>
    <translatable>false</translatable>
    <applicable_product/>
    <products></products>
    <update_components></update_components>
</oneoff_inventory>
