<?xml version="1.0" encoding="UTF-8" standalone="yes"?>
<component-def name="oracle.webservices.wls" version="12.1.3.0.0" description="Oracle WebLogic WebServices" gdr-version="1.1.0.0" xmlns:ns2="http://xmlns.oracle.com/cie/stringsubs" xmlns="http://xmlns.oracle.com/cie/gdr/cpd">
  <file-map symbol="jrf.symbol" source="filegroup1.jar" expanded="true" compacted="true" patch="19198495">
    <directory dest="modules" mode="750">
      <file size="663464" dest="com.oracle.webservices.wls.ws-testclient-app-wls_12.1.3.ear" action="injection" group="com.oracle.webservices.wls" artifact="ws-testclient-app-wls" version="1.2.0-b150226.0318" type="ear"/>
      <file size="662781" dest="com.oracle.webservices.wls.ws-testclient-app-was_12.1.3.ear" action="injection" group="com.oracle.webservices.wls" artifact="ws-testclient-app-was" version="1.2.0-b150226.0318" type="ear"/>
      <file-perms/>
    </directory>
  </file-map>
  <libraries/>
</component-def>
