-- RUN THIS TO LOAD PRESIDENT TABLES
INSERT INTO PRESIDENT
 VALUES ('CARTER J E',1924,4,NULL,'DEMOCRAT','GEORGIA');
INSERT INTO PRESIDENT
 VALUES ('FORD G R',1913,2,NULL,'REPUBLICAN','NEBRASKA');
INSERT INTO PRESIDENT
 VALUES ('JOHNSON L B',1908,5,65,'DEMOCRAT','TEXAS');
INSERT INTO PRESIDENT
 VALUES ('KENNEDY J F',1917,2,46,'DEMOCRAT','MASSACHUSETTS');
INSERT INTO PRESIDENT
 VALUES ('NIXON R M',1913,5,NULL,'REPUBLICAN','CALIFORNIA');
INSERT INTO PRESIDENT
 VALUES ('REAGAN R',1911,3,NULL,'REPUBLICAN','ILLINOIS');
INSERT INTO PRESIDENT
 VALUES ('BUSH G',1926,4,NULL,'REPUBLICAN','MAINE');
INSERT INTO PRESIDENT
 VALUES ('CLINTON W',1948,4,NULL,'DEMOCRAT','ARKANSAS');

INSERT INTO ELECTION
 VALUES (1960,'BYRD',15,'L');
INSERT INTO ELECTION
 VALUES (1960,'NIXON R M',219,'L');
INSERT INTO ELECTION
 VALUES (1960,'KENNEDY J F',303,'W');
INSERT INTO ELECTION
 VALUES (1964,'GOLDWATER B',52,'L');
INSERT INTO ELECTION
 VALUES (1988,'BUSH G',461,'W');
 INSERT INTO ELECTION
 VALUES (1992,'CLINTON W',367,'W');
INSERT INTO ELECTION
 VALUES (1996,'CLINTON W',381,'W');
INSERT INTO ELECTION
 VALUES (1968,'HUMPHREY H H',191,'L');
INSERT INTO ELECTION
 VALUES (1968,'NIXON R M',301,'W');
INSERT INTO ELECTION
 VALUES (1968,'WALLACE G C',46,'L');
INSERT INTO ELECTION
 VALUES (1972,'HOSPERS J',1,'L');
INSERT INTO ELECTION
 VALUES (1972,'MCGOVERN G S',17,'L');
INSERT INTO ELECTION
 VALUES (1972,'NIXON R M',520,'W');
INSERT INTO ELECTION
 VALUES (1976,'CARTER J E',297,'W');
INSERT INTO ELECTION
 VALUES (1976,'FORD G R',240,'L');
INSERT INTO ELECTION
 VALUES (1980,'CARTER J E',49,'L');
INSERT INTO ELECTION
 VALUES (1980,'REAGAN R',489,'W');

INSERT INTO ADMIN_PR_VP
 VALUES (44,'KENNEDY J F','JOHNSON L B');
INSERT INTO ADMIN_PR_VP
 VALUES (45,'JOHNSON L B','HUMPHREY H H');
INSERT INTO ADMIN_PR_VP
 VALUES (46,'NIXON R M','AGNEW S T');
INSERT INTO ADMIN_PR_VP
 VALUES (47,'FORD G R','ROCKEFELLER N A');
INSERT INTO ADMIN_PR_VP
 VALUES (47,'NIXON R M','AGNEW S T');
INSERT INTO ADMIN_PR_VP
 VALUES (47,'NIXON R M','FORD G R');
INSERT INTO ADMIN_PR_VP
 VALUES (48,'CARTER J E','MONDALE W F');
INSERT INTO ADMIN_PR_VP
 VALUES (49,'REAGAN R','BUSH G');
INSERT INTO ADMIN_PR_VP
 VALUES (50,'REAGAN R','BUSH G');
INSERT INTO ADMIN_PR_VP
 VALUES (51,'BUSH G','QUAYLE D');
INSERT INTO ADMIN_PR_VP
 VALUES (52,'CLINTON W','GORE A');
INSERT INTO ADMIN_PR_VP
 VALUES (53,'CLINTON W','GORE A');
--
INSERT INTO ADMINISTRATION
 VALUES (44,'JOHNSON L B',1963);
INSERT INTO ADMINISTRATION
 VALUES (44,'KENNEDY J F',1961);
INSERT INTO ADMINISTRATION
 VALUES (45,'JOHNSON L B',1965);
INSERT INTO ADMINISTRATION
 VALUES (46,'NIXON R M',1969);
INSERT INTO ADMINISTRATION
 VALUES (47,'FORD G R',1974);
INSERT INTO ADMINISTRATION
 VALUES (47,'NIXON R M',1973);
INSERT INTO ADMINISTRATION
 VALUES (48,'CARTER J E',1977);
INSERT INTO ADMINISTRATION
 VALUES (49,'REAGAN R',1981);
INSERT INTO ADMINISTRATION
 VALUES (50,'REAGAN R',1985);
INSERT INTO ADMINISTRATION
 VALUES (51,'BUSH G',1989);
INSERT INTO ADMINISTRATION
 VALUES (52,'CLINTON W',1993);
INSERT INTO ADMINISTRATION
 VALUES (53,'CLINTON W',1997);

INSERT INTO PRES_HOBBY
 VALUES ('JOHNSON L B','RIDING');
INSERT INTO PRES_HOBBY
 VALUES ('KENNEDY J F','SAILING');
INSERT INTO PRES_HOBBY
 VALUES ('KENNEDY J F','SWIMMING');
INSERT INTO PRES_HOBBY
 VALUES ('KENNEDY J F','TOUCH FOOTBALL');
INSERT INTO PRES_HOBBY
 VALUES ('NIXON R M','GOLF');
INSERT INTO PRES_HOBBY
 VALUES ('BUSH G','GOLF');
INSERT INTO PRES_HOBBY
 VALUES ('CLINTON W','WOMAN');

INSERT INTO PRES_MARRIAGE
 VALUES ('CARTER J E','SMITH R',21,18,4,1946);
INSERT INTO PRES_MARRIAGE
 VALUES ('FORD G R','WARREN E B',35,30,4,1948);
INSERT INTO PRES_MARRIAGE
 VALUES ('JOHNSON L B','TAYLOR C A',26,21,2,1934);
INSERT INTO PRES_MARRIAGE
 VALUES ('KENNEDY J F','BOUVIER J L',36,24,3,1953);
INSERT INTO PRES_MARRIAGE
 VALUES ('NIXON R M','RYAN T C',27,28,2,1940);
INSERT INTO PRES_MARRIAGE
 VALUES ('REAGAN R','DAVIS N',41,28,2,1952);
INSERT INTO PRES_MARRIAGE
 VALUES ('REAGAN R','WYMAN J',28,25,2,1940);
INSERT INTO PRES_MARRIAGE
 VALUES ('BUSH G','CARRERA B',26,35,2,1946);
INSERT INTO PRES_MARRIAGE
 VALUES ('CLINTON W','RODHAM H',23,22,2,1962);

INSERT INTO STATE
 VALUES ('CALIFORNIA',16,1850);
INSERT INTO STATE
 VALUES ('GEORGIA',NULL,1776);
INSERT INTO STATE
 VALUES ('ILLINOIS',8,1818);
INSERT INTO STATE
 VALUES ('MASSACHUSETTS',NULL,1776);
INSERT INTO STATE
 VALUES ('NEBRASKA',20,1867);
INSERT INTO STATE
values ('TEXAS',15,1836);
INSERT INTO STATE
values ('ARKANSAS',21,1845);
