<!-- This file contain patch Metadata -->
<results md5_sum="245681391c446cea47963ef83790d927">
  <generated_date in_epoch_ms="1445531616000">2015-10-22 16:33:36</generated_date>
  <patch has_prereqs="n" has_postreqs="n" is_system_patch="n"> 
    <bug> 
      <number>21359755</number>
      <abstract><![CDATA[DATABASE PATCH SET UPDATE 12.1.0.2.5]]></abstract>
    </bug> 
    <name>21359755</name>
    <type>Patch</type>
    <psu_bundle>Oracle 12.1.0.2.5</psu_bundle>
    <status>Available</status>
    <access id="m">Open access</access> 
    <url> 
      <patch_readme host="https://updates.oracle.com"><![CDATA[/Orion/Services/download?type=readme&aru=19194568]]></patch_readme> 
      <patch_details><![CDATA[/download/21359755.html]]></patch_details>
    </url> 
    <request_id>19194568</request_id>
    <product id="9480" bugdb_id="5"><![CDATA[Oracle Database Family]]></product> 
    <release id="600000000009300" name="12.1.0.2.0" platform_patch_not_required="N" cc="Y"><![CDATA[Oracle 12.1.0.2.0]]></release> 
    <platform id="226" bugdb_id="226"><![CDATA[Linux x86-64]]></platform> 
    <language id="0" iso_code="EN"><![CDATA[American English]]></language> 
    <translations_available>No</translations_available> 
    <classification id="174">General</classification> 
    <patch_classification id="174">General</patch_classification> 
    <patch_replacements> 
      <note><![CDATA[This patch is part of the following system patch. Consider downloading the system patch instead.]]></note>
      <included_or_replaced_by> 
        <bug> 
          <number>21523234</number>
          <abstract><![CDATA[GRID INFRASTRUCTURE PATCH SET UPDATE 12.1.0.2.5 (OCT2015)]]></abstract>
        </bug> 
        <name>21523234</name>
        <type>Patch</type>
        <patch_details><![CDATA[/Orion/Services/search?bug=21523234&release=600000000009300]]></patch_details>
      </included_or_replaced_by> 
    </patch_replacements> 
    <support_level id="G">General Support</support_level> 
    <entitlements> 
      <entitlement code="SW"/> 
    </entitlements> 
    <fixes_bugs truncated="no"> 
      <bug> 
        <number>14643995</number>
        <abstract><![CDATA[ONLY 1 SQLPATCH INVOCATION AT A TIME]]></abstract>
      </bug> 
      <bug> 
        <number>16359751</number>
        <abstract><![CDATA[ORA-600[QCSGPVC:TBL2EVCOLNO:COLUMNS] DURING INSERT]]></abstract>
      </bug> 
      <bug> 
        <number>16619249</number>
        <abstract><![CDATA[VPD : ORA-7445 IN [KZRTEVW] AND KZFTEVW]]></abstract>
      </bug> 
      <bug> 
        <number>16870214</number>
        <abstract><![CDATA[DB STARTUP FAILS WITH ORA-17510 IF SPFILE IS IN 4K SECTOR SIZE DISKGROUP ]]></abstract>
      </bug> 
      <bug> 
        <number>17274537</number>
        <abstract><![CDATA[ASM DISK GROUP FORCE DISMOUNTED DUE TO SLOW I/OS]]></abstract>
      </bug> 
      <bug> 
        <number>17365043</number>
        <abstract><![CDATA["STREAMS AQ: ENQUEUE BLOCKED ON LOW MEMORY" WHEN REDUCING STREAMS_POOL_SIZE]]></abstract>
      </bug> 
      <bug> 
        <number>17835294</number>
        <abstract><![CDATA[MALFORMED REDO (INCOMPLETE START UPDATE LKR WITHOUT MATCHING END)  FOR OLTP]]></abstract>
      </bug> 
      <bug> 
        <number>18202441</number>
        <abstract><![CDATA[LOGMINER SHOWS INCORRECT VALUE IN WHERE CLAUSE]]></abstract>
      </bug> 
      <bug> 
        <number>18250893</number>
        <abstract><![CDATA[TT12.1.0.2SQLFUZZ2: DATABASE GUARD ALL BLOCKS ALTER SESSION SET CONTAINER]]></abstract>
      </bug> 
      <bug> 
        <number>18288842</number>
        <abstract><![CDATA[12.1.0.2 HOTCLONE FAILS TO DISALLOW DATAFILE CHANGES ON THE SOURCE PDB.]]></abstract>
      </bug> 
      <bug> 
        <number>18306996</number>
        <abstract><![CDATA[INCORRECT SORT ORDER IN 11.2.0.4 EVEN WITH ORDER BY]]></abstract>
      </bug> 
      <bug> 
        <number>18354830</number>
        <abstract><![CDATA[ORA-600 [KPODPMKS_50] HAPPENS ON MORE THAN ONE PORT]]></abstract>
      </bug> 
      <bug> 
        <number>18411216</number>
        <abstract><![CDATA[LOTS OF LMHB TRACES WITH "KJGCR_MAIN: KJGCR_LOOP: INTEGRITYCHECK PASSED"]]></abstract>
      </bug> 
      <bug> 
        <number>18417036</number>
        <abstract><![CDATA[INSERT /*+APPEND*/ PRODUCE WRONG RESULTS AFTER UPGRADE FROM 11.2.0.1 TO 11.2.0.4]]></abstract>
      </bug> 
      <bug> 
        <number>18436647</number>
        <abstract><![CDATA[Fix for Bug 18436647]]></abstract>
      </bug> 
      <bug> 
        <number>18456643</number>
        <abstract><![CDATA[AMDU ERRORS OUT IF A DISK WHICH WAS NOT PART OF A DISKGROUP WAS NOT READABLE]]></abstract>
      </bug> 
      <bug> 
        <number>18607546</number>
        <abstract><![CDATA[ORA-600 [KDBLKCHECKERROR], [43], [1971507], [6266] WITH CHAINED ROWS]]></abstract>
      </bug> 
      <bug> 
        <number>18610915</number>
        <abstract><![CDATA[INTERMITTENT SEGMENTATION FAULT DURING NZ/PRNG INIT]]></abstract>
      </bug> 
      <bug> 
        <number>18618122</number>
        <abstract><![CDATA[ MALFORMED REDO GENERATED DURING PIECE-WISE SF-LOB DEDUP DML ]]></abstract>
      </bug> 
      <bug> 
        <number>18674024</number>
        <abstract><![CDATA[GOT LOCKING AND LIBRARY CACHE PIN ISSUES CAUSING DOWNTIME]]></abstract>
      </bug> 
      <bug> 
        <number>18674047</number>
        <abstract><![CDATA[LOGMINER KEEPS SPINNING ON CPU AFTER UPGRADE TO 11.2.0.4]]></abstract>
      </bug> 
      <bug> 
        <number>18681056</number>
        <abstract><![CDATA[ORA-600[KGLBRK-BAD-LOCK] WAS INTERMITTENTLY SIGNALED IN CDB ENVIRONMENT.]]></abstract>
      </bug> 
      <bug> 
        <number>18743542</number>
        <abstract><![CDATA[12C UNIFIED AUDIT TRAIL, CANNOT DELETE  LAST_ARCHIVE_TIME]]></abstract>
      </bug> 
      <bug> 
        <number>18791688</number>
        <abstract><![CDATA[HIT ORA-4023 AND FAILED TO UPGRADE FROM 11.2.0.4 TO 12.1.0.2]]></abstract>
      </bug> 
      <bug> 
        <number>18845653</number>
        <abstract><![CDATA[TT12.1.0.2SQLFUZZ2: PDB CLOSE THROWS ORA-600 IF PDB RENAMED IN ANOTHER SESSION]]></abstract>
      </bug> 
      <bug> 
        <number>18849537</number>
        <abstract><![CDATA[IN CDB MODE, A VERY LITTLE CHANCE TO HIT ORA-600 ON QMXSAXCREATEDOCTYPEXOB]]></abstract>
      </bug> 
      <bug> 
        <number>18856999</number>
        <abstract><![CDATA[WRONG RESULTS (WRONG CURSOR) WITH SCHEMA TABLE MASKING PUBLIC SYNONYM]]></abstract>
      </bug> 
      <bug> 
        <number>18885870</number>
        <abstract><![CDATA[TT12.1.0.2SQLFUZZ2: PDB SYNC FAILS EVEN AFTER CONFLICTING CMN USER DROPPED@ROOT]]></abstract>
      </bug> 
      <bug> 
        <number>18909599</number>
        <abstract><![CDATA[MOVE DATABASE FROM SHARE NFS TO SHARE NFS REPORT SQLPATCH FAILED]]></abstract>
      </bug> 
      <bug> 
        <number>18921743</number>
        <abstract><![CDATA[INTERNAL ERROR CAN OCCUR DURING CDB CLONE]]></abstract>
      </bug> 
      <bug> 
        <number>18940497</number>
        <abstract><![CDATA[ORA-600 [KDBLKCHECKERROR] DOING UPDATE ON EHCC TABLE]]></abstract>
      </bug> 
      <bug> 
        <number>18948177</number>
        <abstract><![CDATA[ORA-00600:[KFDJOIN3] DURING DISK GROUP MOUNT ON ODA]]></abstract>
      </bug> 
      <bug> 
        <number>18952989</number>
        <abstract><![CDATA[INSTANCE CRASH IN THE MIDDLE OF A RECONFIG CAN DUMP UNKNOWN NETWORK INTERFACES]]></abstract>
      </bug> 
      <bug> 
        <number>18964939</number>
        <abstract><![CDATA[ORA-7445 [__INTEL_NEW_MEMCPY()+6080] DBMS_AQADM.CREATE_QUEUE_TABLE WITH EDITIONS]]></abstract>
      </bug> 
      <bug> 
        <number>18964978</number>
        <abstract><![CDATA[DATAPATCH -APPLY PATCHID/PATCHUID -FORCE HAS NULL PATCH DESCRIPTION]]></abstract>
      </bug> 
      <bug> 
        <number>18966843</number>
        <abstract><![CDATA[DBMS_PARALLEL_EXECUTE PERFORMANCE DELAY AFTER UPGRADE TO 11.2.0.4]]></abstract>
      </bug> 
      <bug> 
        <number>18967382</number>
        <abstract><![CDATA[LCK1 (OSPID: 14710) WAITS FOR EVENT 'LIBCACHE INTE]]></abstract>
      </bug> 
      <bug> 
        <number>18988834</number>
        <abstract><![CDATA[Fix for Bug 18988834]]></abstract>
      </bug> 
      <bug> 
        <number>18990693</number>
        <abstract><![CDATA[Fix for Bug 18990693]]></abstract>
      </bug> 
      <bug> 
        <number>19001359</number>
        <abstract><![CDATA[PDB SYNC: SYNC VIOLATIONS NOT REPORTED FOR UPGRADED NCDB DATABASE PLUGGED AS PDB]]></abstract>
      </bug> 
      <bug> 
        <number>19001390</number>
        <abstract><![CDATA[PDB SYSTEM TABLESPACE MEDIA FAILURE , CAUSES THE WHOLE CDB TO CRASH]]></abstract>
      </bug> 
      <bug> 
        <number>19012119</number>
        <abstract><![CDATA[ORA-15196 WITH 5TB DISK SIZE IN 12.1]]></abstract>
      </bug> 
      <bug> 
        <number>19016730</number>
        <abstract><![CDATA[QUERY OF PUBLIC SYNONYM FOR OBJECT LINKED VIEW FAILS W/ ORA-00942 ]]></abstract>
      </bug> 
      <bug> 
        <number>19018206</number>
        <abstract><![CDATA[ORA-7445 [KGSCLOGOFF()+95] CAN OCCUR DURING LOGOFF ]]></abstract>
      </bug> 
      <bug> 
        <number>19018447</number>
        <abstract><![CDATA[DB PROC HIT ORA-07445 KSXPMSGCNCL() & ORA-00600 [15810] ERRORS]]></abstract>
      </bug> 
      <bug> 
        <number>19022470</number>
        <abstract><![CDATA[TT12.1.0.2SQLFUZZ2: PDB SYNC CAN SKIP PROXY AUTH GRANT IF ROLE CHANGED TO SECURE]]></abstract>
      </bug> 
      <bug> 
        <number>19023822</number>
        <abstract><![CDATA[DATA GETS TRUNCATED WHILE FILE SIZE OF THE FILE BEING TRANSFERRED IS > 4G]]></abstract>
      </bug> 
      <bug> 
        <number>19024808</number>
        <abstract><![CDATA[CRS INSTALL FAILS, PROT-1: FAILED TO INITIALIZE OCRCONFIG, PROC-26]]></abstract>
      </bug> 
      <bug> 
        <number>19028800</number>
        <abstract><![CDATA[TT12.1.0.2SQLFUZZ2: PDB SYNC DOESN'T DROP RE-CREATED ORPHAN USER EVEN AFTER CASC]]></abstract>
      </bug> 
      <bug> 
        <number>19032777</number>
        <abstract><![CDATA[IMC NONRAC + OGG EXTRACT READ ERROR ORA-7445 [KNLOGCPACKDDL()+4445]]]></abstract>
      </bug> 
      <bug> 
        <number>19035573</number>
        <abstract><![CDATA[AFD.CONF SHOULD BE UPDATED AFTER SETTING AFD_DISKSTRING EXPLICITLY]]></abstract>
      </bug> 
      <bug> 
        <number>19044962</number>
        <abstract><![CDATA[DATAPATCH: FAILURE IN CATCHING ERRORS AND WARNINGS REPORTED DURING POST APPLY.]]></abstract>
      </bug> 
      <bug> 
        <number>19048007</number>
        <abstract><![CDATA[TT12.1.0.2SQLFUZZ2: PDB SYNC CAN RESULT INTO INCORRECT PROFILE PARAMETERS IN PDB]]></abstract>
      </bug> 
      <bug> 
        <number>19050649</number>
        <abstract><![CDATA[PDB2 OPEN MODE = [] NO POST UPGRADE WILL BE PERFORMED]]></abstract>
      </bug> 
      <bug> 
        <number>19052488</number>
        <abstract><![CDATA[TT12.1.0.2SQLFUZZ2: PDB SYNC RUNS COMMON PROFILE DDLS EVEN WHEN VIOLATION EXIST]]></abstract>
      </bug> 
      <bug> 
        <number>19054077</number>
        <abstract><![CDATA[TT12.1.0.2SQLFUZZ2: PDB SYNC RAISES FALSE SYNC WARNING FOR DROPPED PROFILE]]></abstract>
      </bug> 
      <bug> 
        <number>19058490</number>
        <abstract><![CDATA[ ORA-00600:[2344] REPORTED IN AUXILIARY INSTANCE DURING PDB PITR]]></abstract>
      </bug> 
      <bug> 
        <number>19065556</number>
        <abstract><![CDATA[INT$ VIEWS ADDED FOR OBL SUPPORT SHOULD BE REMOVED]]></abstract>
      </bug> 
      <bug> 
        <number>19065677</number>
        <abstract><![CDATA[ORA-604 AND ORA-904 AFTER UPGRADE FROM 11.2.0.2]]></abstract>
      </bug> 
      <bug> 
        <number>19067244</number>
        <abstract><![CDATA[ORA-600 [KCLCHKBLK_3] DURING BAST IN RAC ENV]]></abstract>
      </bug> 
      <bug> 
        <number>19068610</number>
        <abstract><![CDATA[ORA-16000 OPENING DISABLED PDB(PDBSEED) ON STANDBY DB ]]></abstract>
      </bug> 
      <bug> 
        <number>19068970</number>
        <abstract><![CDATA[ORA-65023 AFTER SELECT WHEN SWITCHING CONTAINERS WITH DISABLED TABLE LOCK]]></abstract>
      </bug> 
      <bug> 
        <number>19074147</number>
        <abstract><![CDATA[ASM INSTANCE CRASHED TRYING TO MOUNT RECO DG AFTER REMOVING SECOND JBOD]]></abstract>
      </bug> 
      <bug> 
        <number>19075256</number>
        <abstract><![CDATA[TT12.1.0.2SQLFUZZ2: PDB RENAME THROWS ORA-600 IF PRECEDED BY A FAILED RENAME]]></abstract>
      </bug> 
      <bug> 
        <number>19076343</number>
        <abstract><![CDATA[ORA-600 [14005] CAN OCCUR ALONG WITH FAILED CONNECT IN CDB ENV]]></abstract>
      </bug> 
      <bug> 
        <number>19077215</number>
        <abstract><![CDATA[PDB SYNC: PROXY AUTHORIZATION NOT GRANTED TO THE PDB DURING PDB SYNC]]></abstract>
      </bug> 
      <bug> 
        <number>19081128</number>
        <abstract><![CDATA[BOGUS CHARS RETURNED FROM NZDUUI6_GET_NAME COMMON_NAME ATTRIBUTE]]></abstract>
      </bug> 
      <bug> 
        <number>19124589</number>
        <abstract><![CDATA[ORA-7445 [QMXSTRGENXDIFFCONTEXT()+234] [ACCESS_VIOLATION] ]]></abstract>
      </bug> 
      <bug> 
        <number>19134173</number>
        <abstract><![CDATA[ ORA-600 [KGHFRF:NXT] DURING STRESS TESTS]]></abstract>
      </bug> 
      <bug> 
        <number>19143550</number>
        <abstract><![CDATA[TT12.2SQLFUZZ2: SET CONTAINER FROM CLOSED PDB TO ROOT/OTHER PDBS THROWS ORA-1031]]></abstract>
      </bug> 
      <bug> 
        <number>19149990</number>
        <abstract><![CDATA[TT12.1.0.2SQLFUZZ2: PDB SYNC ISSUES WITH MULTI-USER GRANT CONNECT THROUGH DDL]]></abstract>
      </bug> 
      <bug> 
        <number>19154375</number>
        <abstract><![CDATA[INT ERROR CAN OCCUR DURING UNPLUG OF A PDB THAT IS NOT  SAME AS CDB'S VERSION]]></abstract>
      </bug> 
      <bug> 
        <number>19155797</number>
        <abstract><![CDATA[ORA-00600:[KFGBPUBLISHRECOVERYTS_1] IN ASM RBAL]]></abstract>
      </bug> 
      <bug> 
        <number>19157754</number>
        <abstract><![CDATA[TT12.2SQLFUZZ2: PDB RENAME THROWS ORA-1031 FOR PDB LOCAL ADMIN USER]]></abstract>
      </bug> 
      <bug> 
        <number>19174430</number>
        <abstract><![CDATA[OCI HIT ORA 7445 [KCBZPS] &ORA 600 [15709]]]></abstract>
      </bug> 
      <bug> 
        <number>19174521</number>
        <abstract><![CDATA[DBMS_SQLPATCH.INITIALIZE NEEDS TO HANDLE THE CASE WHERE BUNDLEDATA DOESN'T EXIST]]></abstract>
      </bug> 
      <bug> 
        <number>19174942</number>
        <abstract><![CDATA[AFTER UPGRADE  FROM 121012 NEW CLONED PDB OPENS WITH WARNINGS IN RESTRICTED MODE]]></abstract>
      </bug> 
      <bug> 
        <number>19176223</number>
        <abstract><![CDATA[TT12.1.0.2SQLFUZZ2: PDB SYNC FAILS TO REPLAY COMMON ADMIN GRANT]]></abstract>
      </bug> 
      <bug> 
        <number>19176326</number>
        <abstract><![CDATA[ORA 600 [KTLIPROTECTMETATABLE_1]  CAN OCCUR DURING PDB CLOSE]]></abstract>
      </bug> 
      <bug> 
        <number>19178851</number>
        <abstract><![CDATA[SOLSP-12.1-GH: MOVE DATABASE FAILED BECAUSE CAN'T LOAD ORACLE.SO ]]></abstract>
      </bug> 
      <bug> 
        <number>19180770</number>
        <abstract><![CDATA[FAILOVER CAN HANG IN BYSTANDER CONFIG AND COMMUNICATION IS TAKING LONG]]></abstract>
      </bug> 
      <bug> 
        <number>19183343</number>
        <abstract><![CDATA[WRONG RESULT RETURNED BY STATEMENT WHEN USING IN LIST.]]></abstract>
      </bug> 
      <bug> 
        <number>19185876</number>
        <abstract><![CDATA[LNX64-121-CMT: HIT ORA-600 [KJSHASH:!MHINT] ON 1ST NODE DURING PATCH GI]]></abstract>
      </bug> 
      <bug> 
        <number>19189317</number>
        <abstract><![CDATA[ORA-907 REPORTED BY DBUA RESULTING FROM CALL TO DATAPATCH]]></abstract>
      </bug> 
      <bug> 
        <number>19189525</number>
        <abstract><![CDATA[ENHANCE SQLPATCH BOOTSTRAPPING CODE]]></abstract>
      </bug> 
      <bug> 
        <number>19195895</number>
        <abstract><![CDATA[ORA-16000: DATABASE OPEN FOR READ-ONLY ACCESS ]]></abstract>
      </bug> 
      <bug> 
        <number>19197175</number>
        <abstract><![CDATA[Fix for Bug 19197175]]></abstract>
      </bug> 
      <bug> 
        <number>19238590</number>
        <abstract><![CDATA[ORA-600[KFDATBUPDATE_11_00] DURING DISKGROUP RESIZE OPERATION]]></abstract>
      </bug> 
      <bug> 
        <number>19243521</number>
        <abstract><![CDATA[DBCA FAILED FOR RAC PROVISIONING]]></abstract>
      </bug> 
      <bug> 
        <number>19248799</number>
        <abstract><![CDATA[ORA-65139 (RDBA MISMATCH) ON UNPLUG/PLUG AFTER UPGRADE/DOWNGRADE]]></abstract>
      </bug> 
      <bug> 
        <number>19272708</number>
        <abstract><![CDATA[UNABLE TO UPGRADE PDBS IF STANDARD IS CHANGED]]></abstract>
      </bug> 
      <bug> 
        <number>19279273</number>
        <abstract><![CDATA[STANDBY DATABASE SEARCHES INCORRECT DIRECTORY DURING PDB PLUGIN OPERATION]]></abstract>
      </bug> 
      <bug> 
        <number>19280225</number>
        <abstract><![CDATA[ALLOW CORRUPTED PDB TO BE CLOSED & DROPPED WHEN ARCHIVE LOGGING IS NOT ENABLED]]></abstract>
      </bug> 
      <bug> 
        <number>19284031</number>
        <abstract><![CDATA[ORA-600 [729] WHEN UNIFIED_AUDIT_TRAIL ROW PROCESSING HITS EXCEPTIONS]]></abstract>
      </bug> 
      <bug> 
        <number>19289642</number>
        <abstract><![CDATA[Fix for Bug 19289642]]></abstract>
      </bug> 
      <bug> 
        <number>19291380</number>
        <abstract><![CDATA[DBUA FAILS WITH ORA-38804 WHEN THERE IS NO ORA$BASE EDITION IN SOURCE DATABASE]]></abstract>
      </bug> 
      <bug> 
        <number>19303936</number>
        <abstract><![CDATA[DATABASE PATCH SET UPDATE 12.1.0.2.1 (OCT2014)]]></abstract>
      </bug> 
      <bug> 
        <number>19304354</number>
        <abstract><![CDATA[KFOD CREATE CREDENTIAL FILE FOR ASMCC FAILED]]></abstract>
      </bug> 
      <bug> 
        <number>19307662</number>
        <abstract><![CDATA[RAC THROUGHPUT LOW WITH REPOPULATE ON-50% DB TIME IN GC EVENTS]]></abstract>
      </bug> 
      <bug> 
        <number>19309466</number>
        <abstract><![CDATA[Fix for Bug 19309466]]></abstract>
      </bug> 
      <bug> 
        <number>19315691</number>
        <abstract><![CDATA[CHANGE XMLTYPE DATATYPE TO CLOB FOR BUNDLE_DATA COLUMN IN REGISTRY$PATCH]]></abstract>
      </bug> 
      <bug> 
        <number>19329654</number>
        <abstract><![CDATA[RMAN TEST HIT ORA-600[KPDBGETOPERLOCK-INCOMPATIBLE] STSRM RUN]]></abstract>
      </bug> 
      <bug> 
        <number>19335438</number>
        <abstract><![CDATA[BROKER CONFIG WITH STANDBYS=NONE PDB RETURNS ORA-16843]]></abstract>
      </bug> 
      <bug> 
        <number>19358317</number>
        <abstract><![CDATA[Fix for Bug 19358317]]></abstract>
      </bug> 
      <bug> 
        <number>19371175</number>
        <abstract><![CDATA[TT12.2SQLFUZZ2: SET CON DOESN'T FAIL IF PRIV GRANTED TO ROLE NOT ENABLED BY DFLT]]></abstract>
      </bug> 
      <bug> 
        <number>19382851</number>
        <abstract><![CDATA[ORA-1031 DURING MVIEW CREATION/REFRESH]]></abstract>
      </bug> 
      <bug> 
        <number>19385656</number>
        <abstract><![CDATA[PDB PLUGIN GETS ORA-1274 ON STANDBY WHEN PRIMARY AND STANDBY SHARE SAME ASM]]></abstract>
      </bug> 
      <bug> 
        <number>19390567</number>
        <abstract><![CDATA[CAN'T LOAD ORACLE.SO AFTER UPGRADE TO LABEL 12.1.0.2DBBP]]></abstract>
      </bug> 
      <bug> 
        <number>19393542</number>
        <abstract><![CDATA[TIMESTAMP MISMATCHES ON RULE SET & EVALUATION CONTEXT]]></abstract>
      </bug> 
      <bug> 
        <number>19399918</number>
        <abstract><![CDATA[ROLE TRANSITION FAILS WITH TERMINAL STANDBY AS ALTERNATE OF FAR SYNC]]></abstract>
      </bug> 
      <bug> 
        <number>19409212</number>
        <abstract><![CDATA[PDBS WRONG STATUS WHEN APPLYING DATAPATCH DURING UPGRADE]]></abstract>
      </bug> 
      <bug> 
        <number>19430401</number>
        <abstract><![CDATA[PDB RELOCATE CLOSES PDB TOO QUICKLY]]></abstract>
      </bug> 
      <bug> 
        <number>19434529</number>
        <abstract><![CDATA[ORA-4031: ("SHARED POOL","UNKNOWN OBJECT","KGLH0^AA4B4A16","KGLHEAPINITIALIZE")]]></abstract>
      </bug> 
      <bug> 
        <number>19439759</number>
        <abstract><![CDATA[ORA-600 [KPDB-BAD-PDB], [255], [1] DURING CREATE PLUGGABLE DB]]></abstract>
      </bug> 
      <bug> 
        <number>19440586</number>
        <abstract><![CDATA[ASM FIRST MOUNT SHOULD FENCE OLD CLIENT INSTANCES]]></abstract>
      </bug> 
      <bug> 
        <number>19468347</number>
        <abstract><![CDATA[ORA-44003: INVALID SQL NAME WITH DATAPATCH ON 12.1.0.2.1 RC1]]></abstract>
      </bug> 
      <bug> 
        <number>19468991</number>
        <abstract><![CDATA[PERSISTENT READ-MOSTLY NOT BEING PICKED UP BY GEN0 AT INSTANCE STARTUP]]></abstract>
      </bug> 
      <bug> 
        <number>19487147</number>
        <abstract><![CDATA[CREATE EDITION ERRORS OUT WITH ORA-38807]]></abstract>
      </bug> 
      <bug> 
        <number>19501299</number>
        <abstract><![CDATA[DATAPATCH:CATCONEXEC: CATCONINIT HAS NOT BEEN RUN]]></abstract>
      </bug> 
      <bug> 
        <number>19512341</number>
        <abstract><![CDATA["ADRCI PURGE" DELETES CURRENT DAEMON TRACES]]></abstract>
      </bug> 
      <bug> 
        <number>19518079</number>
        <abstract><![CDATA[DBA_REGISTRY_HISTORY IS NOT UPDATED DURING UPGRADE TO 12.1.0.2]]></abstract>
      </bug> 
      <bug> 
        <number>19520602</number>
        <abstract><![CDATA[-FORCE ROLLBACK DOES NOT CHECK REGISTRY FOR BUNDLE STATUS]]></abstract>
      </bug> 
      <bug> 
        <number>19524384</number>
        <abstract><![CDATA[ORA-704, ORA-604, ORA-2240 AND DATABASE DOESN'T OPEN AFTER UPGRADE TO 11.2.0.4]]></abstract>
      </bug> 
      <bug> 
        <number>19532017</number>
        <abstract><![CDATA[MISING CON$ INDEX = GG PERFORMANCE ISSUE]]></abstract>
      </bug> 
      <bug> 
        <number>19536415</number>
        <abstract><![CDATA[DB UPGRADE FAILS WITH ORA-600 [KKAEGSO: PUBLIC]]]></abstract>
      </bug> 
      <bug> 
        <number>19547370</number>
        <abstract><![CDATA[LOG OUTPUT OF DATAPATCH]]></abstract>
      </bug> 
      <bug> 
        <number>19561643</number>
        <abstract><![CDATA[QUERYABLE INVENTORY AND CATCON ERROR DURING 121021DBBP RC3 DROP APPLICATION]]></abstract>
      </bug> 
      <bug> 
        <number>19571367</number>
        <abstract><![CDATA[ILM QUERY USES INEFFICIENT ACCESS PLAN]]></abstract>
      </bug> 
      <bug> 
        <number>19577410</number>
        <abstract><![CDATA[ORA-600 [4882] SIGNALED BY JOB PROCESS]]></abstract>
      </bug> 
      <bug> 
        <number>19587324</number>
        <abstract><![CDATA[WITH 11.2.0.4, THE CAPTURE MECHANISM STARTS UP TOO MANY PARALLEL QUERY SERVERS]]></abstract>
      </bug> 
      <bug> 
        <number>19597439</number>
        <abstract><![CDATA[PRIMARY DATABASE AUTO BLOCK MEDIA RECOVERY NOT WORKING WITH FAR SYNC]]></abstract>
      </bug> 
      <bug> 
        <number>19597583</number>
        <abstract><![CDATA["EXTERNAL TABLE READS" DURING PDB CREATION]]></abstract>
      </bug> 
      <bug> 
        <number>19606174</number>
        <abstract><![CDATA[ORA-2030 WHEN COMPILING PL/SQL CODE THAT SELECTS FROM REMOTE FIXED VIEW/TABLE]]></abstract>
      </bug> 
      <bug> 
        <number>19619732</number>
        <abstract><![CDATA[MANY BLOCK DUMP INCORRECT SAY TABLESPACE IS ENCRYPTED]]></abstract>
      </bug> 
      <bug> 
        <number>19627012</number>
        <abstract><![CDATA[  ORA-7445 [KD9IR2TCOMPUTETREESERCS()+160] DURING IMPDP]]></abstract>
      </bug> 
      <bug> 
        <number>19637186</number>
        <abstract><![CDATA[RAC OPTION MISMATCH PRODUCES ERROR VIOLATION DURING PDB PLUG IN]]></abstract>
      </bug> 
      <bug> 
        <number>19644859</number>
        <abstract><![CDATA[STARTING OF IR FAILED WITH ORA-00904: "UTL_RAW"."CAST_TO_VARCHAR2 ]]></abstract>
      </bug> 
      <bug> 
        <number>19649152</number>
        <abstract><![CDATA[ORA-600 [KTURRUR_0] RUNNING OPM LOT COST PROCESSOR IN FDPSTP]]></abstract>
      </bug> 
      <bug> 
        <number>19658708</number>
        <abstract><![CDATA[APPLY IS GOING DOWN WHEN  2ND INSTANCE IS SHUTDOWN.]]></abstract>
      </bug> 
      <bug> 
        <number>19670108</number>
        <abstract><![CDATA[WITH CLAUSE QUERY WITH BINDS RUNS INTO ORA-600 [QCSFPBND] ]]></abstract>
      </bug> 
      <bug> 
        <number>19676905</number>
        <abstract><![CDATA[CDB:OGG : CLOSING PDB HIT ORA 7445 [KPDBAKILLPDBSESSIONS]]]></abstract>
      </bug> 
      <bug> 
        <number>19684504</number>
        <abstract><![CDATA[ORA-32036 EXECUTING WITH STATEMENT AFTER UPGRADE TO 12.1.0.2]]></abstract>
      </bug> 
      <bug> 
        <number>19687159</number>
        <abstract><![CDATA[ORA-4030: OUT OF PROCESS MEMORY USING AGGREGATION]]></abstract>
      </bug> 
      <bug> 
        <number>19699191</number>
        <abstract><![CDATA[Fix for Bug 19699191]]></abstract>
      </bug> 
      <bug> 
        <number>19703301</number>
        <abstract><![CDATA[ORA-22275: INVALID LOB LOCATOR SPECIFIED FOLLOWING PATCH 14044260 INSTALL]]></abstract>
      </bug> 
      <bug> 
        <number>19706965</number>
        <abstract><![CDATA[INCLUDE TFA COLLECTOR VERSION 12.1.2.1.0  IN 12.1.0.2 JAN DB PSU]]></abstract>
      </bug> 
      <bug> 
        <number>19708632</number>
        <abstract><![CDATA[INSTALL BUNDLES BEFORE INSTALLING ONE OFFS AND JVM FIXES FIRST]]></abstract>
      </bug> 
      <bug> 
        <number>19723336</number>
        <abstract><![CDATA[PREREQ CHECK FOR UPGRADE MODE DOES NOT WORK PROPERLY IN SINGLE TENANT CASE]]></abstract>
      </bug> 
      <bug> 
        <number>19730508</number>
        <abstract><![CDATA[ORA-600 [KWQDLPROCHSTENTRY:LTBAGI]]]></abstract>
      </bug> 
      <bug> 
        <number>19769480</number>
        <abstract><![CDATA[DATABASE PATCH SET UPDATE 12.1.0.2.2 (JAN2015)]]></abstract>
      </bug> 
      <bug> 
        <number>19791273</number>
        <abstract><![CDATA[DISABLE SPACE SEARCH CACHE FOR UPDATES]]></abstract>
      </bug> 
      <bug> 
        <number>19791377</number>
        <abstract><![CDATA[FLUSHING THE SHARED POOL TAKES A  LONG TIME IN CDB UPGRADE FROM 12101 TO 12102]]></abstract>
      </bug> 
      <bug> 
        <number>19805359</number>
        <abstract><![CDATA[DB 11.2 PRIVILEGES DIFFERENCE BETWEEN FRESH INSTALL AND UPGRADE FROM 10.2]]></abstract>
      </bug> 
      <bug> 
        <number>19841800</number>
        <abstract><![CDATA[RECOVER PDB WITH PRE-PLUGIN BACKUP FAILS]]></abstract>
      </bug> 
      <bug> 
        <number>19865345</number>
        <abstract><![CDATA[ODA: KFISODA DOES NOT IDENTIFY ODA ENVIRONMENT]]></abstract>
      </bug> 
      <bug> 
        <number>19873610</number>
        <abstract><![CDATA[ORA-1658 DURING 12.1.0.2 UPGRADE FROM 11.1.0.7]]></abstract>
      </bug> 
      <bug> 
        <number>19896336</number>
        <abstract><![CDATA[DELETE AND UPDATE TRIGGERS NOT FIRING IN SOME DML AGAINST EDITIONED VIEWS]]></abstract>
      </bug> 
      <bug> 
        <number>19915271</number>
        <abstract><![CDATA[Fix for Bug 19915271]]></abstract>
      </bug> 
      <bug> 
        <number>19928926</number>
        <abstract><![CDATA[ORA-942 ERROR DURING 11203 TO 12.2 UPGRADE ON ASM FILE SYSTEM]]></abstract>
      </bug> 
      <bug> 
        <number>19978542</number>
        <abstract><![CDATA[DOWNGRADE FROM 12.2  TO 12.1.0.2 FAILS WITH PRVTSQLPATCH COMPILATION WARNING.]]></abstract>
      </bug> 
      <bug> 
        <number>19989009</number>
        <abstract><![CDATA[Fix for Bug 19989009]]></abstract>
      </bug> 
      <bug> 
        <number>20048359</number>
        <abstract><![CDATA[PARALLEL QUERY CONSUMES CPU TIME ON RAC WITH DATABASE SMART FLASH CACHE ]]></abstract>
      </bug> 
      <bug> 
        <number>20074391</number>
        <abstract><![CDATA[POST-DEINSTALLATION : CATBUNDLE RETURNS ORA-20000: ORU-10027]]></abstract>
      </bug> 
      <bug> 
        <number>20093776</number>
        <abstract><![CDATA[ORA-7445 [KOKMEOC_CLEAN()+212] ON UPDATE WITH XMLTYPE]]></abstract>
      </bug> 
      <bug> 
        <number>20122715</number>
        <abstract><![CDATA[ORA-742 RUNNING WITH MULTIPLE LGWR PROCESS]]></abstract>
      </bug> 
      <bug> 
        <number>20134339</number>
        <abstract><![CDATA[BIGBH ASM RBAL PROCESS USE 3.4G PRIVMEM]]></abstract>
      </bug> 
      <bug> 
        <number>20165574</number>
        <abstract><![CDATA[BIGBH LOB SPACE CONSUME +1000% THAN ON 11204]]></abstract>
      </bug> 
      <bug> 
        <number>20235511</number>
        <abstract><![CDATA[PLACEHOLDER FOR TFA COLLECTOR VERSION 12.1.2.1.2 ]]></abstract>
      </bug> 
      <bug> 
        <number>20245930</number>
        <abstract><![CDATA[HIGH EXECUTIONS OF A RECURSIVE SQL AFTER ENABLING THE EDITION-BASED REDEFINITION]]></abstract>
      </bug> 
      <bug> 
        <number>20281121</number>
        <abstract><![CDATA[ACCESSING DBA_REGISTRY_SQLPATCH HIT ERROR: 942 DURING UNPLUG OPERATION]]></abstract>
      </bug> 
      <bug> 
        <number>20284155</number>
        <abstract><![CDATA[DATAPATCH HIT CAN'T DETERMINE CURRENT OPATCH STATU ON 1 OF 2 DBS]]></abstract>
      </bug> 
      <bug> 
        <number>20294666</number>
        <abstract><![CDATA[INTERMITTENT PROCESS CRASH DUE TO ORA-600 [1113]]]></abstract>
      </bug> 
      <bug> 
        <number>20331945</number>
        <abstract><![CDATA[Fix for Bug 20331945]]></abstract>
      </bug> 
      <bug> 
        <number>20347562</number>
        <abstract><![CDATA[PARTNERSHIP INFORMATION PROVIDED BY OAKLIB OVERWRITTEN BY ASM]]></abstract>
      </bug> 
      <bug> 
        <number>20348653</number>
        <abstract><![CDATA[HIT ORA-01418:SPECIFIED INDEX DOES NOT EXISWHEN ROLLBACK GIPSU]]></abstract>
      </bug> 
      <bug> 
        <number>20361671</number>
        <abstract><![CDATA[ALL DB INSTANCES CRASHED DUE TO ORA-15064 ASM COMMUNICATION]]></abstract>
      </bug> 
      <bug> 
        <number>20387265</number>
        <abstract><![CDATA[STBH: ORA-600 [CURSOR NOT TYPECHECKED] WAS COMPLETELY FLOOD CONTROLLED (0X6)]]></abstract>
      </bug> 
      <bug> 
        <number>20397490</number>
        <abstract><![CDATA[12.1.0.2 RMAN BACKUP [PERFORMANCE IS 6 TIMES SLOWER THAN 11204BP9]]></abstract>
      </bug> 
      <bug> 
        <number>20402832</number>
        <abstract><![CDATA[INSTANCE RESTARTED DUE TO  ORA-600 [KCBSTC1_10] ON CKPT]]></abstract>
      </bug> 
      <bug> 
        <number>20413820</number>
        <abstract><![CDATA[ORA-22348 OCCURS FOR DDL ATTEMPT ON NONEDITIONED OBJECT]]></abstract>
      </bug> 
      <bug> 
        <number>20424899</number>
        <abstract><![CDATA[Fix for Bug 20424899]]></abstract>
      </bug> 
      <bug> 
        <number>20425790</number>
        <abstract><![CDATA[LOGMINER PATCHES SHOULD TRANSPARENTLY FUNCTION IN A NON-PARITIONING ENABLED DB]]></abstract>
      </bug> 
      <bug> 
        <number>20440930</number>
        <abstract><![CDATA[SQLPATCH/DATAPATCH HANGS ON JAPANESE LOCALES]]></abstract>
      </bug> 
      <bug> 
        <number>20441797</number>
        <abstract><![CDATA[Fix for Bug 20441797]]></abstract>
      </bug> 
      <bug> 
        <number>20471920</number>
        <abstract><![CDATA[Fix for Bug 20471920]]></abstract>
      </bug> 
      <bug> 
        <number>20474192</number>
        <abstract><![CDATA[USE OF UNINITIALIZED VALUE $GSRTINCLUSION IN CONCATENATION (.) OR STRING AT CATC]]></abstract>
      </bug> 
      <bug> 
        <number>20476175</number>
        <abstract><![CDATA[CURSOR IS NOT SHARED BY A DIFFERENT SESSION IF _FIX_CONTROL IS USED IN OPT_PARAM]]></abstract>
      </bug> 
      <bug> 
        <number>20558005</number>
        <abstract><![CDATA[Fix for Bug 20558005]]></abstract>
      </bug> 
      <bug> 
        <number>20657441</number>
        <abstract><![CDATA[Fix for Bug 20657441]]></abstract>
      </bug> 
      <bug> 
        <number>20688221</number>
        <abstract><![CDATA[CREATING ACFS VOLUME CAUSING ASM DATAFILE CORRUPTIONS]]></abstract>
      </bug> 
      <bug> 
        <number>20746251</number>
        <abstract><![CDATA[PLACEHOLDER FOR TFA COLLECTOR VERSION 12.1.2.4.0 INCLUSION IS JUL 2015 PSU]]></abstract>
      </bug> 
      <bug> 
        <number>20899461</number>
        <abstract><![CDATA[STANDARD EDITION SHOULD HAVE A MAX CPU_COUNT]]></abstract>
      </bug> 
      <bug> 
        <number>20919320</number>
        <abstract><![CDATA[NZ/RSA BINARIES ARE MISSING IN 12.1.0.2.2DBPSU]]></abstract>
      </bug> 
      <bug> 
        <number>20925795</number>
        <abstract><![CDATA[Fix for Bug 20925795]]></abstract>
      </bug> 
      <bug> 
        <number>21225209</number>
        <abstract><![CDATA[PLACEHOLDER FOR TFA COLLECTOR VERSION 12.1.2.4.0 INCLUSION IN JULY-PSU]]></abstract>
      </bug> 
      <bug> 
        <number>21281532</number>
        <abstract><![CDATA[ORA-600 [KFDATBUPDATE_11_02]  CAN OCCUR IN REBALANCE SLAVE WHEN USING LARGE FILE]]></abstract>
      </bug> 
      <bug> 
        <number>21421886</number>
        <abstract><![CDATA[DATAPATCH ERROR SP2-0310 ON APPLYING WINDOWS BUNDLE PATCH ON STANDARD EDITION]]></abstract>
      </bug> 
      <bug> 
        <number>21442094</number>
        <abstract><![CDATA[PLACEHOLDER FOR TFA COLLECTOR VERSION 12.1.2.5.1 INCLUSION IN OCT 2015 PSU]]></abstract>
      </bug> 
      <bug> 
        <number>21620471</number>
        <abstract><![CDATA[DATAPATCH RUNS ON FIRST NODE AND DOESN'T APPLY ALL REQUIRED BUNDLE PATCH CODE]]></abstract>
      </bug> 
      <bug> 
        <number>22062026</number>
        <abstract><![CDATA[QI RETURN WRONG RESULTS ON NODE1 WITH BP13 APPLIED ON BP12]]></abstract>
      </bug> 
    </fixes_bugs> 
    <size>95921676</size>
    <files> 
      <file> 
        <name>p21359755_121020_Linux-x86-64.zip</name>
        <size>95921676</size>
        <download_url host="https://updates.oracle.com"><![CDATA[/Orion/Services/download/p21359755_121020_Linux-x86-64.zip?aru=19194568&patch_file=p21359755_121020_Linux-x86-64.zip]]></download_url> 
        <digest type="SHA-1">9B7DF5CB6A3FD39C2D7A652F9ECE74D829B7C9DF</digest> 
        <digest type="MD5">1622D462D2B2A1EFB7650942A1CA0EF9</digest> 
      </file> 
    </files> 
    <downloads_count>0</downloads_count>
    <updated_date in_epoch_ms="1445531545000">2015-10-22 16:32:25</updated_date> 
    <released_date in_epoch_ms="1445524600000">2015-10-22 14:36:40</released_date> 
  </patch> 
</results>
