<?xml version="1.0" encoding="UTF-8"?>
<bundledata version="12.1.0.2.1" series="Patch Set Update">
  <bundle id="1" description="PSU 12.1.0.2.1">
    <component id="CATPROC" name="Oracle Database Packages and Types" schema="SYS">
      <file mode="apply,rollback" new="no">rdbms/admin/prvtpckl.plb</file>
    </component>
  </bundle>
  <bundle id="2" description="PSU 12.1.0.2.2">
    <component id="CATPROC" name="Oracle Database Packages and Types" schema="SYS">
      <file mode="apply,rollback" new="no">rdbms/admin/utluppkg.sql</file>
      <file mode="apply" new="yes">rdbms/admin/bug19532017_upgrade.sql</file>
      <file mode="rollback" new="yes">rdbms/admin/bug19532017_downgrade.sql</file>
    </component>
  </bundle>
  <bundle id="3" description="PSU 12.1.0.2.3">
    <component id="CATPROC" name="Oracle Database Packages and Types" schema="SYS">
      <file mode="apply,rollback" new="yes">rdbms/admin/bug18909599.sql</file>
      <file mode="apply" new="yes">rdbms/admin/bug19532017_upgrade.sql</file>
      <file mode="apply,rollback" new="no">rdbms/admin/utluppkg.sql</file>
    </component>
  </bundle>
  <bundle id="4" description="PSU 12.1.0.2.4">
    <component id="CATPROC" name="Oracle Database Packages and Types" schema="SYS">
      <file mode="apply" new="yes">rdbms/admin/bug20876308_apply.sql</file>
      <file mode="rollback" new="yes">rdbms/admin/bug20876308_rollback.sql</file>
    </component>
    <component id="APS" name="OLAP Analytic Workspace" schema="SYS">
      <file mode="apply" new="yes">olap/admin/bug20558005.sql</file>    
    </component>
    <component id="XOQ" name="Oracle OLAP API" schema="SYS">
      <file mode="apply" new="yes">olap/admin/xoqclnup.sql</file>
    </component>
  </bundle>  
</bundledata>
